position,sequence_dna,gc_content,accessibility,has_homopolymer
1576,CCACAGAAAGAGAGCACT,0.5,1.0,False
1575,CCCACAGAAAGAGAGCAC,0.56,1.0,False
1574,ACCCACAGAAAGAGAGCA,0.5,1.0,False
1577,CACAGAAAGAGAGCACTG,0.5,1.0,False
1578,ACAGAAAGAGAGCACTGA,0.44,1.0,False
1579,CAGAAAGAGAGCACTGAC,0.5,1.0,False
1581,GAAAGAGAGCACTGACCC,0.56,1.0,False
1580,AGAAAGAGAGCACTGACC,0.5,1.0,False
622,ACCTATGCCCTGACCGTT,0.56,1.0,False
927,CATGATTGCTGCCACTTA,0.44,1.0,False
928,ATGATTGCTGCCACTTAC,0.44,1.0,False
929,TGATTGCTGCCACTTACA,0.44,1.0,False
930,GATTGCTGCCACTTACAA,0.44,1.0,False
931,ATTGCTGCCACTTACAAC,0.44,1.0,False
925,TTCATGATTGCTGCCACT,0.44,1.0,False
218,CCACTGGATTGTGTTTCT,0.44,1.0,False
223,GGATTGTGTTTCTTTGGG,0.44,1.0,False
214,GTGGCCACTGGATTGTGT,0.56,1.0,False
217,GCCACTGGATTGTGTTTC,0.5,1.0,False
216,GGCCACTGGATTGTGTTT,0.5,1.0,False
215,TGGCCACTGGATTGTGTT,0.5,1.0,False
212,TGGTGGCCACTGGATTGT,0.56,1.0,False
175,TGTGCAAGATGTCTGGTA,0.44,1.0,False
178,GCAAGATGTCTGGTAGGG,0.56,1.0,False
177,TGCAAGATGTCTGGTAGG,0.5,1.0,False
176,GTGCAAGATGTCTGGTAG,0.5,1.0,False
923,CCTTCATGATTGCTGCCA,0.5,1.0,False
922,ACCTTCATGATTGCTGCC,0.5,1.0,False
626,ATGCCCTGACCGTTGTGT,0.56,1.0,False
625,TATGCCCTGACCGTTGTG,0.56,1.0,False
1726,GTCAGCATCTTCTCACTC,0.5,1.0,False
624,CTATGCCCTGACCGTTGT,0.56,1.0,False
926,TCATGATTGCTGCCACTT,0.44,1.0,False
924,CTTCATGATTGCTGCCAC,0.5,1.0,False
1599,CGATGGCGATGGACTACT,0.56,0.999,False
1605,CGATGGACTACTGAAGCC,0.56,0.999,False
1533,CTATTGCAGCTGGGAGAA,0.5,0.999,False
1603,GGCGATGGACTACTGAAG,0.56,0.999,False
1534,TATTGCAGCTGGGAGAAG,0.5,0.999,False
1602,TGGCGATGGACTACTGAA,0.5,0.999,False
655,TTTGCCTGCTCTGCTGTG,0.56,0.999,False
1611,ACTACTGAAGCCCTAACT,0.44,0.999,False
1728,CAGCATCTTCTCACTCCC,0.56,0.999,False
1727,TCAGCATCTTCTCACTCC,0.5,0.999,False
1606,GATGGACTACTGAAGCCC,0.56,0.999,False
1609,GGACTACTGAAGCCCTAA,0.5,0.999,False
1612,CTACTGAAGCCCTAACTC,0.5,0.999,False
1608,TGGACTACTGAAGCCCTA,0.5,0.999,False
1607,ATGGACTACTGAAGCCCT,0.5,0.999,False
1604,GCGATGGACTACTGAAGC,0.56,0.999,False
864,CTTCCACCTGTTTATTGC,0.44,0.999,False
652,GTGTTTGCCTGCTCTGCT,0.56,0.999,False
654,GTTTGCCTGCTCTGCTGT,0.56,0.999,False
863,CCTTCCACCTGTTTATTG,0.44,0.999,False
653,TGTTTGCCTGCTCTGCTG,0.56,0.999,False
1610,GACTACTGAAGCCCTAAC,0.5,0.999,False
619,ATCACCTATGCCCTGACC,0.56,0.999,False
618,CATCACCTATGCCCTGAC,0.56,0.999,False
934,GCTGCCACTTACAACTTT,0.44,0.999,False
918,GCTCACCTTCATGATTGC,0.5,0.999,False
919,CTCACCTTCATGATTGCT,0.44,0.999,False
1869,AACCTGAGATGGCCCTCT,0.56,0.999,False
920,TCACCTTCATGATTGCTG,0.44,0.999,False
917,TGCTCACCTTCATGATTG,0.44,0.999,False
915,CCTGCTCACCTTCATGAT,0.5,0.999,False
916,CTGCTCACCTTCATGATT,0.44,0.999,False
933,TGCTGCCACTTACAACTT,0.44,0.999,False
932,TTGCTGCCACTTACAACT,0.44,0.999,False
935,CTGCCACTTACAACTTTG,0.44,0.999,False
914,CCCTGCTCACCTTCATGA,0.56,0.999,False
913,TCCCTGCTCACCTTCATG,0.56,0.999,False
912,TTCCCTGCTCACCTTCAT,0.5,0.999,False
936,TGCCACTTACAACTTTGC,0.44,0.999,False
937,GCCACTTACAACTTTGCC,0.5,0.999,False
921,CACCTTCATGATTGCTGC,0.5,0.999,False
911,TTTCCCTGCTCACCTTCA,0.5,0.999,False
1208,CCTGCTAGAAATGGGAAA,0.44,0.999,False
1207,TCCTGCTAGAAATGGGAA,0.44,0.999,False
1212,CTAGAAATGGGAAATGCC,0.44,0.999,False
1875,AGATGGCCCTCTGGTAGA,0.56,0.999,False
1873,TGAGATGGCCCTCTGGTA,0.56,0.999,False
1211,GCTAGAAATGGGAAATGC,0.44,0.999,False
1600,GATGGCGATGGACTACTG,0.56,0.999,False
1601,ATGGCGATGGACTACTGA,0.5,0.999,False
1877,ATGGCCCTCTGGTAGACA,0.56,0.999,False
171,GTGCTGTGCAAGATGTCT,0.5,0.999,False
172,TGCTGTGCAAGATGTCTG,0.5,0.999,False
1351,AAGTGGAAGGAAAGATGC,0.44,0.999,False
174,CTGTGCAAGATGTCTGGT,0.5,0.999,False
173,GCTGTGCAAGATGTCTGG,0.56,0.999,False
861,GACCTTCCACCTGTTTAT,0.44,0.999,False
170,AGTGCTGTGCAAGATGTC,0.5,0.999,False
647,TCCTGGTGTTTGCCTGCT,0.56,0.999,False
649,CTGGTGTTTGCCTGCTCT,0.56,0.999,False
650,TGGTGTTTGCCTGCTCTG,0.56,0.999,False
466,TACAAGACCACCATCTGC,0.5,0.998,False
639,TGTGTGGCTCCTGGTGTT,0.56,0.998,False
640,GTGTGGCTCCTGGTGTTT,0.56,0.998,False
860,TGACCTTCCACCTGTTTA,0.44,0.998,False
1220,GGGAAATGCCTAAGAAGA,0.44,0.998,False
858,AATGACCTTCCACCTGTT,0.44,0.998,False
1868,TAACCTGAGATGGCCCTC,0.56,0.998,False
638,TTGTGTGGCTCCTGGTGT,0.56,0.998,False
1866,TGTAACCTGAGATGGCCC,0.56,0.998,False
857,AAATGACCTTCCACCTGT,0.44,0.998,False
1352,AGTGGAAGGAAAGATGCT,0.44,0.998,False
641,TGTGGCTCCTGGTGTTTG,0.56,0.998,False
1863,TGGTGTAACCTGAGATGG,0.5,0.998,False
1867,GTAACCTGAGATGGCCCT,0.56,0.998,False
1613,TACTGAAGCCCTAACTCA,0.44,0.998,False
1729,AGCATCTTCTCACTCCCT,0.5,0.998,False
1616,TGAAGCCCTAACTCAGCC,0.56,0.998,False
1615,CTGAAGCCCTAACTCAGC,0.56,0.998,False
1614,ACTGAAGCCCTAACTCAG,0.5,0.998,False
1864,GGTGTAACCTGAGATGGC,0.56,0.998,False
859,ATGACCTTCCACCTGTTT,0.44,0.998,False
1862,ATGGTGTAACCTGAGATG,0.44,0.998,False
1865,GTGTAACCTGAGATGGCC,0.56,0.998,False
746,TAGGCAGTCTCTGTGCTG,0.56,0.997,False
743,GTATAGGCAGTCTCTGTG,0.5,0.997,False
1617,GAAGCCCTAACTCAGCCA,0.56,0.997,False
745,ATAGGCAGTCTCTGTGCT,0.5,0.997,False
1853,TGGTGGCTAATGGTGTAA,0.44,0.997,False
1857,GGCTAATGGTGTAACCTG,0.5,0.997,False
1219,TGGGAAATGCCTAAGAAG,0.44,0.997,False
1856,TGGCTAATGGTGTAACCT,0.44,0.997,False
1859,CTAATGGTGTAACCTGAG,0.44,0.997,False
1858,GCTAATGGTGTAACCTGA,0.44,0.997,False
1855,GTGGCTAATGGTGTAACC,0.5,0.997,False
1854,GGTGGCTAATGGTGTAAC,0.5,0.997,False
465,CTACAAGACCACCATCTG,0.5,0.997,False
742,AGTATAGGCAGTCTCTGT,0.44,0.997,False
744,TATAGGCAGTCTCTGTGC,0.5,0.997,False
464,ACTACAAGACCACCATCT,0.44,0.997,False
1852,CTGGTGGCTAATGGTGTA,0.5,0.996,False
1850,TGCTGGTGGCTAATGGTG,0.56,0.996,False
1851,GCTGGTGGCTAATGGTGT,0.56,0.996,False
1849,TTGCTGGTGGCTAATGGT,0.5,0.996,False
2802,CAAATAACCAACCCTTCC,0.44,0.996,False
463,GACTACAAGACCACCATC,0.5,0.996,False
1882,CCTCTGGTAGACACAGGA,0.56,0.996,False
2803,AAATAACCAACCCTTCCC,0.44,0.996,False
1848,GTTGCTGGTGGCTAATGG,0.56,0.996,False
1353,GTGGAAGGAAAGATGCTC,0.5,0.996,False
1847,AGTTGCTGGTGGCTAATG,0.5,0.996,False
856,CAAATGACCTTCCACCTG,0.5,0.996,False
747,AGGCAGTCTCTGTGCTGA,0.56,0.996,False
959,TTAAACTCATGGGCCGAG,0.5,0.995,False
960,TAAACTCATGGGCCGAGG,0.56,0.995,False
1354,TGGAAGGAAAGATGCTCA,0.44,0.994,False
1355,GGAAGGAAAGATGCTCAG,0.5,0.994,False
973,CGAGGCACCAAGTTCTGA,0.56,0.994,False
1730,GCATCTTCTCACTCCCTT,0.5,0.994,False
748,GGCAGTCTCTGTGCTGAT,0.56,0.994,False
1248,ACTGCAAGTCACAAAGGA,0.44,0.994,False
1249,CTGCAAGTCACAAAGGAA,0.44,0.994,False
1247,AACTGCAAGTCACAAAGG,0.44,0.994,False
1883,CTCTGGTAGACACAGGAT,0.5,0.994,False
910,GTTTCCCTGCTCACCTTC,0.56,0.993,False
1618,AAGCCCTAACTCAGCCAA,0.5,0.993,False
617,GCATCACCTATGCCCTGA,0.56,0.993,False
1251,GCAAGTCACAAAGGAATG,0.44,0.993,False
974,GAGGCACCAAGTTCTGAT,0.5,0.993,False
975,AGGCACCAAGTTCTGATC,0.5,0.992,False
2804,AATAACCAACCCTTCCCT,0.44,0.992,False
1252,CAAGTCACAAAGGAATGG,0.44,0.992,False
2680,ACAAGATAAGCTTCCAGG,0.44,0.991,False
1254,AGTCACAAAGGAATGGAG,0.44,0.991,False
1731,CATCTTCTCACTCCCTTC,0.5,0.991,False
2681,CAAGATAAGCTTCCAGGC,0.5,0.991,False
1846,CAGTTGCTGGTGGCTAAT,0.5,0.99,False
749,GCAGTCTCTGTGCTGATG,0.56,0.99,False
2682,AAGATAAGCTTCCAGGCT,0.44,0.99,False
1246,CAACTGCAAGTCACAAAG,0.44,0.99,False
1884,TCTGGTAGACACAGGATA,0.44,0.99,False
750,CAGTCTCTGTGCTGATGC,0.56,0.988,False
976,GGCACCAAGTTCTGATCC,0.56,0.988,False
909,GGTTTCCCTGCTCACCTT,0.56,0.987,False
2683,AGATAAGCTTCCAGGCTG,0.5,0.987,False
1885,CTGGTAGACACAGGATAG,0.5,0.987,False
908,TGGTTTCCCTGCTCACCT,0.56,0.987,False
906,ACTGGTTTCCCTGCTCAC,0.56,0.987,False
1206,TTCCTGCTAGAAATGGGA,0.44,0.986,False
1147,TCTCTCTTTGGACTCTCC,0.5,0.985,False
1148,CTCTCTTTGGACTCTCCC,0.56,0.985,False
938,CCACTTACAACTTTGCCG,0.5,0.985,False
958,CTTAAACTCATGGGCCGA,0.5,0.984,False
1146,GTCTCTCTTTGGACTCTC,0.5,0.984,False
1145,GGTCTCTCTTTGGACTCT,0.5,0.984,False
1142,TAAGGTCTCTCTTTGGAC,0.44,0.983,False
2684,GATAAGCTTCCAGGCTGC,0.56,0.983,False
1144,AGGTCTCTCTTTGGACTC,0.5,0.983,False
1143,AAGGTCTCTCTTTGGACT,0.44,0.983,False
1845,GCAGTTGCTGGTGGCTAA,0.56,0.983,False
554,ATTCTTTGGAGCGGGTGT,0.5,0.982,False
977,GCACCAAGTTCTGATCCC,0.56,0.981,False
663,CTCTGCTGTGCCTGTGTA,0.56,0.98,False
2685,ATAAGCTTCCAGGCTGCA,0.5,0.98,False
2805,ATAACCAACCCTTCCCTG,0.5,0.979,False
2689,GCTTCCAGGCTGCATAGA,0.56,0.978,False
664,TCTGCTGTGCCTGTGTAC,0.56,0.978,False
2691,TTCCAGGCTGCATAGAAG,0.5,0.977,False
2690,CTTCCAGGCTGCATAGAA,0.5,0.977,False
2687,AAGCTTCCAGGCTGCATA,0.5,0.977,False
2686,TAAGCTTCCAGGCTGCAT,0.5,0.977,False
2688,AGCTTCCAGGCTGCATAG,0.56,0.976,False
2381,CACATAACAGAATGCACC,0.44,0.976,False
665,CTGCTGTGCCTGTGTACA,0.56,0.976,False
2692,TCCAGGCTGCATAGAAGG,0.56,0.975,False
667,GCTGTGCCTGTGTACATT,0.5,0.975,False
1844,AGCAGTTGCTGGTGGCTA,0.56,0.975,False
666,TGCTGTGCCTGTGTACAT,0.5,0.975,False
957,CCTTAAACTCATGGGCCG,0.56,0.974,False
1886,TGGTAGACACAGGATAGA,0.44,0.974,False
668,CTGTGCCTGTGTACATTT,0.44,0.974,False
670,GTGCCTGTGTACATTTAC,0.44,0.974,False
1245,CCAACTGCAAGTCACAAA,0.44,0.972,False
1205,GTTCCTGCTAGAAATGGG,0.5,0.972,False
2014,GTAGGTGATTTGAAGGTC,0.44,0.971,False
939,CACTTACAACTTTGCCGT,0.44,0.971,False
1725,TGTCAGCATCTTCTCACT,0.44,0.969,False
608,AGTTTGTGGGCATCACCT,0.5,0.969,False
2806,TAACCAACCCTTCCCTGA,0.5,0.969,False
2807,AACCAACCCTTCCCTGAA,0.5,0.969,False
610,TTTGTGGGCATCACCTAT,0.44,0.969,False
2808,ACCAACCCTTCCCTGAAA,0.5,0.969,False
612,TGTGGGCATCACCTATGC,0.56,0.969,False
611,TTGTGGGCATCACCTATG,0.5,0.969,False
609,GTTTGTGGGCATCACCTA,0.5,0.969,False
2091,GGGTTGCATCAGAAATGT,0.44,0.967,False
2417,TGGTAAGCTTCCAGGAAA,0.44,0.964,False
1619,AGCCCTAACTCAGCCAAC,0.56,0.964,False
855,CCAAATGACCTTCCACCT,0.5,0.964,False
905,CACTGGTTTCCCTGCTCA,0.56,0.964,False
820,TCCAACCTTCTGTCCATC,0.5,0.963,False
821,CCAACCTTCTGTCCATCT,0.5,0.963,False
1887,GGTAGACACAGGATAGAT,0.44,0.962,False
956,TCCTTAAACTCATGGGCC,0.5,0.96,False
940,ACTTACAACTTTGCCGTC,0.44,0.96,False
2416,TTGGTAAGCTTCCAGGAA,0.44,0.959,False
2092,GGTTGCATCAGAAATGTC,0.44,0.956,False
2415,GTTGGTAAGCTTCCAGGA,0.5,0.955,False
169,GAGTGCTGTGCAAGATGT,0.5,0.955,False
1244,CCCAACTGCAAGTCACAA,0.5,0.954,False
2693,CCAGGCTGCATAGAAGGA,0.56,0.953,False
2411,TTCAGTTGGTAAGCTTCC,0.44,0.953,False
2412,TCAGTTGGTAAGCTTCCA,0.44,0.952,False
1204,GGTTCCTGCTAGAAATGG,0.5,0.952,False
2413,CAGTTGGTAAGCTTCCAG,0.5,0.951,False
2601,CCAAAGTGGTTTCAGCAA,0.44,0.951,False
2414,AGTTGGTAAGCTTCCAGG,0.5,0.95,False
1786,CAAGGAGCTGAGAATAGA,0.44,0.95,False
1785,CCAAGGAGCTGAGAATAG,0.5,0.95,False
1790,GAGCTGAGAATAGAAGGA,0.44,0.95,False
941,CTTACAACTTTGCCGTCC,0.5,0.949,False
942,TTACAACTTTGCCGTCCT,0.44,0.949,False
1344,GGAAACAAAGTGGAAGGA,0.44,0.949,False
949,TTTGCCGTCCTTAAACTC,0.44,0.948,False
943,TACAACTTTGCCGTCCTT,0.44,0.948,False
945,CAACTTTGCCGTCCTTAA,0.44,0.948,False
947,ACTTTGCCGTCCTTAAAC,0.44,0.948,False
948,CTTTGCCGTCCTTAAACT,0.44,0.948,False
952,GCCGTCCTTAAACTCATG,0.5,0.948,False
951,TGCCGTCCTTAAACTCAT,0.44,0.948,False
950,TTGCCGTCCTTAAACTCA,0.44,0.948,False
1532,CCTATTGCAGCTGGGAGA,0.56,0.948,False
944,ACAACTTTGCCGTCCTTA,0.44,0.948,False
953,CCGTCCTTAAACTCATGG,0.5,0.947,False
954,CGTCCTTAAACTCATGGG,0.5,0.947,False
1784,TCCAAGGAGCTGAGAATA,0.44,0.947,False
2600,CCCAAAGTGGTTTCAGCA,0.5,0.946,False
955,GTCCTTAAACTCATGGGC,0.5,0.946,False
1789,GGAGCTGAGAATAGAAGG,0.5,0.945,False
1732,ATCTTCTCACTCCCTTCT,0.44,0.945,False
462,CGACTACAAGACCACCAT,0.5,0.945,False
1573,CACCCACAGAAAGAGAGC,0.56,0.945,False
866,TCCACCTGTTTATTGCTG,0.44,0.944,False
467,ACAAGACCACCATCTGCG,0.56,0.944,False
1535,ATTGCAGCTGGGAGAAGG,0.56,0.944,False
1783,TTCCAAGGAGCTGAGAAT,0.44,0.943,False
2466,TAGCTCCCAGATTTCAGT,0.44,0.943,False
1788,AGGAGCTGAGAATAGAAG,0.44,0.942,False
1782,TTTCCAAGGAGCTGAGAA,0.44,0.941,False
741,CAGTATAGGCAGTCTCTG,0.5,0.941,False
1031,AACCACACAGCCTACAAT,0.44,0.94,False
1356,GAAGGAAAGATGCTCAGG,0.5,0.94,False
1032,ACCACACAGCCTACAATG,0.5,0.94,False
1203,TGGTTCCTGCTAGAAATG,0.44,0.939,False
1034,CACACAGCCTACAATGCT,0.5,0.939,False
1033,CCACACAGCCTACAATGC,0.56,0.939,False
1781,GTTTCCAAGGAGCTGAGA,0.5,0.939,False
1035,ACACAGCCTACAATGCTG,0.5,0.939,False
1506,ACAATAAGAGCGTTTGCC,0.44,0.938,False
1780,GGTTTCCAAGGAGCTGAG,0.56,0.938,False
2467,AGCTCCCAGATTTCAGTC,0.5,0.937,False
555,TTCTTTGGAGCGGGTGTG,0.56,0.937,False
904,ACACTGGTTTCCCTGCTC,0.56,0.937,False
1255,GTCACAAAGGAATGGAGG,0.5,0.936,False
2761,GTAATCCGTACCTTGTGT,0.44,0.934,False
1507,CAATAAGAGCGTTTGCCC,0.5,0.934,False
1779,TGGTTTCCAAGGAGCTGA,0.5,0.934,False
1037,ACAGCCTACAATGCTGCG,0.56,0.933,False
751,AGTCTCTGTGCTGATGCC,0.56,0.933,False
903,TACACTGGTTTCCCTGCT,0.5,0.933,False
2013,CGTAGGTGATTTGAAGGT,0.44,0.932,False
2468,GCTCCCAGATTTCAGTCT,0.5,0.932,False
1776,CTGTGGTTTCCAAGGAGC,0.56,0.932,False
607,AAGTTTGTGGGCATCACC,0.5,0.931,False
1778,GTGGTTTCCAAGGAGCTG,0.56,0.93,False
1777,TGTGGTTTCCAAGGAGCT,0.5,0.93,False
1509,ATAAGAGCGTTTGCCCAA,0.44,0.929,False
1508,AATAAGAGCGTTTGCCCA,0.44,0.929,False
1030,TAACCACACAGCCTACAA,0.44,0.928,False
553,CATTCTTTGGAGCGGGTG,0.56,0.928,False
2760,AGTAATCCGTACCTTGTG,0.44,0.928,False
2469,CTCCCAGATTTCAGTCTT,0.44,0.927,False
1029,CTAACCACACAGCCTACA,0.5,0.927,False
2694,CAGGCTGCATAGAAGGAG,0.56,0.927,False
1511,AAGAGCGTTTGCCCAAAT,0.44,0.927,False
1510,TAAGAGCGTTTGCCCAAA,0.44,0.927,False
1036,CACAGCCTACAATGCTGC,0.56,0.925,False
2383,CATAACAGAATGCACCAG,0.44,0.924,False
854,TCCAAATGACCTTCCACC,0.5,0.923,False
2827,CCTCACATGCATACATAC,0.44,0.923,False
242,TGGCACTGTTCTGTGGCT,0.56,0.919,False
1724,TTGTCAGCATCTTCTCAC,0.44,0.916,False
853,TTCCAAATGACCTTCCAC,0.44,0.912,False
902,CTACACTGGTTTCCCTGC,0.56,0.911,False
2465,ATAGCTCCCAGATTTCAG,0.44,0.911,False
168,AGAGTGCTGTGCAAGATG,0.5,0.91,False
822,CAACCTTCTGTCCATCTG,0.5,0.909,False
819,CTCCAACCTTCTGTCCAT,0.5,0.908,False
1243,TCCCAACTGCAAGTCACA,0.5,0.905,False
1343,TGGAAACAAAGTGGAAGG,0.44,0.901,False
2695,AGGCTGCATAGAAGGAGG,0.56,0.9,False
2696,GGCTGCATAGAAGGAGGA,0.56,0.899,False
1733,TCTTCTCACTCCCTTCTC,0.5,0.896,False
2385,TAACAGAATGCACCAGTC,0.44,0.896,False
1621,CCCTAACTCAGCCAACCT,0.56,0.895,False
2012,TCGTAGGTGATTTGAAGG,0.44,0.892,False
461,GCGACTACAAGACCACCA,0.56,0.891,False
1038,CAGCCTACAATGCTGCGT,0.56,0.891,False
2758,GAAGTAATCCGTACCTTG,0.44,0.891,False
867,CCACCTGTTTATTGCTGC,0.5,0.89,False
556,TCTTTGGAGCGGGTGTGT,0.56,0.89,False
2017,GGTGATTTGAAGGTCTTG,0.44,0.89,False
1572,TCACCCACAGAAAGAGAG,0.5,0.889,False
244,GCACTGTTCTGTGGCTGT,0.56,0.888,False
1775,CCTGTGGTTTCCAAGGAG,0.56,0.887,False
1028,TCTAACCACACAGCCTAC,0.5,0.887,False
740,CCAGTATAGGCAGTCTCT,0.5,0.886,False
1357,AAGGAAAGATGCTCAGGT,0.44,0.885,False
606,CAAGTTTGTGGGCATCAC,0.5,0.884,False
1202,CTGGTTCCTGCTAGAAAT,0.44,0.884,False
1256,TCACAAAGGAATGGAGGC,0.5,0.881,False
1512,AGAGCGTTTGCCCAAATC,0.5,0.879,False
752,GTCTCTGTGCTGATGCCA,0.56,0.878,False
167,TAGAGTGCTGTGCAAGAT,0.44,0.876,False
2697,GCTGCATAGAAGGAGGAG,0.56,0.876,False
552,TCATTCTTTGGAGCGGGT,0.5,0.874,False
823,AACCTTCTGTCCATCTGC,0.5,0.866,False
1622,CCTAACTCAGCCAACCTT,0.5,0.865,False
852,GTTCCAAATGACCTTCCA,0.44,0.863,False
1723,GTTGTCAGCATCTTCTCA,0.44,0.861,False
1623,CTAACTCAGCCAACCTTA,0.44,0.861,False
689,TCAACACCTGGACCACCT,0.56,0.856,False
2386,AACAGAATGCACCAGTCA,0.44,0.855,False
901,GCTACACTGGTTTCCCTG,0.56,0.855,False
818,GCTCCAACCTTCTGTCCA,0.56,0.853,False
245,CACTGTTCTGTGGCTGTG,0.56,0.853,False
1039,AGCCTACAATGCTGCGTC,0.56,0.852,False
1242,TTCCCAACTGCAAGTCAC,0.5,0.852,False
2095,TGCATCAGAAATGTCTGG,0.44,0.85,False
688,TTCAACACCTGGACCACC,0.56,0.849,False
685,TACTTCAACACCTGGACC,0.5,0.848,False
686,ACTTCAACACCTGGACCA,0.5,0.848,False
684,TTACTTCAACACCTGGAC,0.44,0.848,False
687,CTTCAACACCTGGACCAC,0.56,0.848,False
2698,CTGCATAGAAGGAGGAGA,0.5,0.848,False
356,CCTTCCAGTATGTCATCT,0.44,0.848,False
1734,CTTCTCACTCCCTTCTCC,0.56,0.847,False
605,ACAAGTTTGTGGGCATCA,0.44,0.846,False
1530,TGCCTATTGCAGCTGGGA,0.56,0.846,False
2234,GCAGAAACAGATTTGGTG,0.44,0.844,False
2329,GGTGTGTTAAGAGTTAGG,0.44,0.843,False
1027,CTCTAACCACACAGCCTA,0.5,0.843,False
1201,GCTGGTTCCTGCTAGAAA,0.5,0.842,False
1624,TAACTCAGCCAACCTTAC,0.44,0.841,False
1774,CCCTGTGGTTTCCAAGGA,0.56,0.838,False
868,CACCTGTTTATTGCTGCA,0.44,0.837,False
2463,GAATAGCTCCCAGATTTC,0.44,0.837,False
604,GACAAGTTTGTGGGCATC,0.5,0.837,False
1571,TTCACCCACAGAAAGAGA,0.44,0.834,False
1164,CCCTCTTATGTACCTCTT,0.44,0.834,False
739,GCCAGTATAGGCAGTCTC,0.56,0.831,False
2756,GTGAAGTAATCCGTACCT,0.44,0.83,False
1358,AGGAAAGATGCTCAGGTA,0.44,0.829,False
360,CCAGTATGTCATCTATGG,0.44,0.829,False
1513,GAGCGTTTGCCCAAATCT,0.5,0.828,False
166,TTAGAGTGCTGTGCAAGA,0.44,0.827,False
1257,CACAAAGGAATGGAGGCT,0.5,0.826,False
2407,GCTATTCAGTTGGTAAGC,0.44,0.826,False
824,ACCTTCTGTCCATCTGCA,0.5,0.825,False
851,AGTTCCAAATGACCTTCC,0.44,0.824,False
753,TCTCTGTGCTGATGCCAG,0.56,0.823,False
551,CTCATTCTTTGGAGCGGG,0.56,0.821,False
246,ACTGTTCTGTGGCTGTGG,0.56,0.821,False
1836,TGAGGAGCAGCAGTTGCT,0.56,0.82,False
2699,TGCATAGAAGGAGGAGAG,0.5,0.82,False
1625,AACTCAGCCAACCTTACT,0.44,0.818,False
355,GCCTTCCAGTATGTCATC,0.5,0.818,False
1040,GCCTACAATGCTGCGTCT,0.56,0.813,False
1398,CTCTTGCCATCTATAGGG,0.5,0.812,False
2387,ACAGAATGCACCAGTCAT,0.44,0.812,False
366,TGTCATCTATGGAACTGC,0.44,0.805,False
1722,TGTTGTCAGCATCTTCTC,0.44,0.805,False
367,GTCATCTATGGAACTGCC,0.5,0.804,False
2228,GCCTTTGCAGAAACAGAT,0.44,0.802,False
1200,AGCTGGTTCCTGCTAGAA,0.5,0.801,False
247,CTGTTCTGTGGCTGTGGA,0.56,0.801,False
1626,ACTCAGCCAACCTTACTT,0.44,0.8,False
900,AGCTACACTGGTTTCCCT,0.5,0.8,False
248,TGTTCTGTGGCTGTGGAC,0.56,0.798,False
1241,CTTCCCAACTGCAAGTCA,0.5,0.798,False
1528,TCTGCCTATTGCAGCTGG,0.56,0.798,False
1735,TTCTCACTCCCTTCTCCT,0.5,0.798,False
1026,GCTCTAACCACACAGCCT,0.56,0.797,False
2096,GCATCAGAAATGTCTGGA,0.44,0.797,False
1526,AATCTGCCTATTGCAGCT,0.44,0.796,False
1527,ATCTGCCTATTGCAGCTG,0.5,0.796,False
249,GTTCTGTGGCTGTGGACA,0.56,0.794,False
2700,GCATAGAAGGAGGAGAGG,0.56,0.793,False
250,TTCTGTGGCTGTGGACAT,0.5,0.793,False
558,TTTGGAGCGGGTGTGTCA,0.56,0.791,False
1525,AAATCTGCCTATTGCAGC,0.44,0.791,False
1339,CTGATGGAAACAAAGTGG,0.44,0.79,False
603,CGACAAGTTTGTGGGCAT,0.5,0.789,False
252,CTGTGGCTGTGGACATGA,0.56,0.787,False
251,TCTGTGGCTGTGGACATG,0.56,0.787,False
1773,ACCCTGTGGTTTCCAAGG,0.56,0.787,False
1524,CAAATCTGCCTATTGCAG,0.44,0.787,False
1627,CTCAGCCAACCTTACTTA,0.44,0.786,False
459,TGGCGACTACAAGACCAC,0.56,0.785,False
457,TTTGGCGACTACAAGACC,0.5,0.784,False
458,TTGGCGACTACAAGACCA,0.5,0.784,False
456,CTTTGGCGACTACAAGAC,0.5,0.783,False
354,TGCCTTCCAGTATGTCAT,0.44,0.783,False
368,TCATCTATGGAACTGCCT,0.44,0.782,False
1523,CCAAATCTGCCTATTGCA,0.44,0.782,False
825,CCTTCTGTCCATCTGCAA,0.5,0.779,False
1570,TTTCACCCACAGAAAGAG,0.44,0.778,False
529,GGTTCCAGAGGCCAACAT,0.56,0.778,False
2755,AGTGAAGTAATCCGTACC,0.44,0.777,False
1514,AGCGTTTGCCCAAATCTG,0.5,0.776,False
738,TGCCAGTATAGGCAGTCT,0.5,0.776,False
1522,CCCAAATCTGCCTATTGC,0.5,0.775,False
165,GTTAGAGTGCTGTGCAAG,0.5,0.774,False
1041,CCTACAATGCTGCGTCTC,0.56,0.774,False
1359,GGAAAGATGCTCAGGTAC,0.5,0.774,False
1319,CTTCTCAAAGGGTACTTC,0.44,0.773,False
1521,GCCCAAATCTGCCTATTG,0.5,0.773,False
253,TGTGGCTGTGGACATGAA,0.5,0.772,False
2704,AGAAGGAGGAGAGGGAAA,0.5,0.772,False
850,GAGTTCCAAATGACCTTC,0.44,0.771,False
1258,ACAAAGGAATGGAGGCTC,0.5,0.771,False
2703,TAGAAGGAGGAGAGGGAA,0.5,0.77,False
548,AAGCTCATTCTTTGGAGC,0.44,0.77,False
549,AGCTCATTCTTTGGAGCG,0.5,0.769,False
754,CTCTGTGCTGATGCCAGA,0.56,0.768,False
2701,CATAGAAGGAGGAGAGGG,0.56,0.768,False
2702,ATAGAAGGAGGAGAGGGA,0.5,0.768,False
550,GCTCATTCTTTGGAGCGG,0.56,0.767,False
2227,TGCCTTTGCAGAAACAGA,0.44,0.766,False
2388,CAGAATGCACCAGTCATC,0.5,0.765,False
255,TGGCTGTGGACATGAAGC,0.56,0.765,False
2461,CTGAATAGCTCCCAGATT,0.44,0.765,False
899,CAGCTACACTGGTTTCCC,0.56,0.764,False
1520,TGCCCAAATCTGCCTATT,0.44,0.761,False
254,GTGGCTGTGGACATGAAG,0.56,0.759,False
1397,CCTCTTGCCATCTATAGG,0.5,0.757,False
369,CATCTATGGAACTGCCTC,0.5,0.757,False
1628,TCAGCCAACCTTACTTAC,0.44,0.755,False
1007,CCCTTTCTCTAATAGCGA,0.44,0.755,False
1721,GTGTTGTCAGCATCTTCT,0.44,0.751,False
1736,TCTCACTCCCTTCTCCTT,0.5,0.75,False
1956,CCTCTGTCATATCTTCAC,0.44,0.748,False
1199,TAGCTGGTTCCTGCTAGA,0.5,0.748,False
1737,CTCACTCCCTTCTCCTTG,0.56,0.748,False
353,ATGCCTTCCAGTATGTCA,0.44,0.747,False
1519,TTGCCCAAATCTGCCTAT,0.44,0.747,False
2460,CCTGAATAGCTCCCAGAT,0.5,0.746,False
1240,ACTTCCCAACTGCAAGTC,0.5,0.745,False
2097,CATCAGAAATGTCTGGAG,0.44,0.743,False
816,TGGCTCCAACCTTCTGTC,0.56,0.742,False
602,CCGACAAGTTTGTGGGCA,0.56,0.742,False
1738,TCACTCCCTTCTCCTTGA,0.5,0.742,False
1772,AACCCTGTGGTTTCCAAG,0.5,0.74,False
1770,ACAACCCTGTGGTTTCCA,0.5,0.74,False
559,TTGGAGCGGGTGTGTCAT,0.56,0.739,False
1771,CAACCCTGTGGTTTCCAA,0.5,0.739,False
71,AGAGACCAGGATCCTTCC,0.56,0.738,False
1198,ATAGCTGGTTCCTGCTAG,0.5,0.736,False
1518,TTTGCCCAAATCTGCCTA,0.44,0.736,False
1135,CAGTGATTAAGGTCTCTC,0.44,0.735,False
455,TCTTTGGCGACTACAAGA,0.44,0.735,False
1042,CTACAATGCTGCGTCTCC,0.56,0.735,False
848,CTGAGTTCCAAATGACCT,0.44,0.734,False
826,CTTCTGTCCATCTGCAAA,0.44,0.733,False
370,ATCTATGGAACTGCCTCT,0.44,0.732,False
2226,CTGCCTTTGCAGAAACAG,0.5,0.731,False
1739,CACTCCCTTCTCCTTGAT,0.5,0.729,False
1741,CTCCCTTCTCCTTGATAA,0.44,0.728,False
532,TCCAGAGGCCAACATCAA,0.5,0.728,False
1740,ACTCCCTTCTCCTTGATA,0.44,0.728,False
531,TTCCAGAGGCCAACATCA,0.5,0.727,False
530,GTTCCAGAGGCCAACATC,0.56,0.726,False
1515,GCGTTTGCCCAAATCTGC,0.56,0.726,False
1516,CGTTTGCCCAAATCTGCC,0.56,0.725,False
1629,CAGCCAACCTTACTTACA,0.44,0.725,False
1517,GTTTGCCCAAATCTGCCT,0.5,0.725,False
1813,GCTTACATGAGAACAGAC,0.44,0.724,False
1569,CTTTCACCCACAGAAAGA,0.44,0.723,False
736,TCTGCCAGTATAGGCAGT,0.5,0.722,False
70,GAGAGACCAGGATCCTTC,0.56,0.722,False
735,CTCTGCCAGTATAGGCAG,0.56,0.722,False
737,CTGCCAGTATAGGCAGTC,0.56,0.722,False
1134,GCAGTGATTAAGGTCTCT,0.44,0.722,False
2754,CAGTGAAGTAATCCGTAC,0.44,0.722,False
164,TGTTAGAGTGCTGTGCAA,0.44,0.722,False
1133,TGCAGTGATTAAGGTCTC,0.44,0.721,False
734,CCTCTGCCAGTATAGGCA,0.56,0.72,False
2389,AGAATGCACCAGTCATCA,0.44,0.719,False
1360,GAAAGATGCTCAGGTACA,0.44,0.719,False
1361,AAAGATGCTCAGGTACAG,0.44,0.719,False
1362,AAGATGCTCAGGTACAGA,0.44,0.718,False
1320,TTCTCAAAGGGTACTTCC,0.44,0.718,False
1260,AAAGGAATGGAGGCTCTA,0.44,0.717,False
547,CAAGCTCATTCTTTGGAG,0.44,0.717,False
1259,CAAAGGAATGGAGGCTCT,0.5,0.717,False
72,GAGACCAGGATCCTTCCA,0.56,0.715,False
755,TCTGTGCTGATGCCAGAA,0.5,0.714,False
1396,TCCTCTTGCCATCTATAG,0.44,0.713,False
1955,GCCTCTGTCATATCTTCA,0.44,0.71,False
898,GCAGCTACACTGGTTTCC,0.56,0.709,False
1008,CCTTTCTCTAATAGCGAG,0.44,0.709,False
1024,AGGCTCTAACCACACAGC,0.56,0.708,False
371,TCTATGGAACTGCCTCTT,0.44,0.707,False
352,CATGCCTTCCAGTATGTC,0.5,0.707,False
351,CCATGCCTTCCAGTATGT,0.5,0.704,False
1084,CCAACTGGCCCTCTTCTT,0.56,0.703,False
1197,CATAGCTGGTTCCTGCTA,0.5,0.702,False
1086,AACTGGCCCTCTTCTTAC,0.5,0.701,False
258,CTGTGGACATGAAGCCCT,0.56,0.701,False
1085,CAACTGGCCCTCTTCTTA,0.5,0.701,False
2459,ACCTGAATAGCTCCCAGA,0.5,0.697,False
2225,TCTGCCTTTGCAGAAACA,0.44,0.697,False
1720,GGTGTTGTCAGCATCTTC,0.5,0.696,False
350,TCCATGCCTTCCAGTATG,0.5,0.695,False
1087,ACTGGCCCTCTTCTTACT,0.5,0.695,False
2008,GTCATCGTAGGTGATTTG,0.44,0.694,False
1630,AGCCAACCTTACTTACAG,0.44,0.693,False
1088,CTGGCCCTCTTCTTACTT,0.5,0.693,False
372,CTATGGAACTGCCTCTTT,0.44,0.691,False
1239,GACTTCCCAACTGCAAGT,0.5,0.691,False
896,CTGCAGCTACACTGGTTT,0.5,0.69,False
897,TGCAGCTACACTGGTTTC,0.5,0.69,False
1816,TACATGAGAACAGACTGG,0.44,0.69,False
560,TGGAGCGGGTGTGTCATT,0.56,0.688,False
1769,GACAACCCTGTGGTTTCC,0.56,0.688,False
815,GTGGCTCCAACCTTCTGT,0.56,0.687,False
1089,TGGCCCTCTTCTTACTTG,0.5,0.687,False
73,AGACCAGGATCCTTCCAG,0.56,0.686,False
1043,TACAATGCTGCGTCTCCC,0.56,0.685,False
814,TGTGGCTCCAACCTTCTG,0.56,0.685,False
600,TCCCGACAAGTTTGTGGG,0.56,0.684,False
1091,GCCCTCTTCTTACTTGAT,0.44,0.682,False
1090,GGCCCTCTTCTTACTTGA,0.5,0.682,False
454,ATCTTTGGCGACTACAAG,0.44,0.681,False
733,ACCTCTGCCAGTATAGGC,0.56,0.68,False
1023,GAGGCTCTAACCACACAG,0.56,0.679,False
847,GCTGAGTTCCAAATGACC,0.5,0.679,False
1742,TCCCTTCTCCTTGATAAC,0.44,0.678,False
2224,TTCTGCCTTTGCAGAAAC,0.44,0.677,False
1227,GCCTAAGAAGATGACTTC,0.44,0.676,False
373,TATGGAACTGCCTCTTTC,0.44,0.676,False
533,CCAGAGGCCAACATCAAG,0.56,0.673,False
374,ATGGAACTGCCTCTTTCT,0.44,0.672,False
2390,GAATGCACCAGTCATCAG,0.5,0.671,False
562,GAGCGGGTGTGTCATTGT,0.56,0.671,False
1092,CCCTCTTCTTACTTGATG,0.44,0.67,False
69,GGAGAGACCAGGATCCTT,0.56,0.67,False
1083,ACCAACTGGCCCTCTTCT,0.56,0.67,False
597,ACATCCCGACAAGTTTGT,0.44,0.67,False
163,TTGTTAGAGTGCTGTGCA,0.44,0.67,False
349,ATCCATGCCTTCCAGTAT,0.44,0.669,False
375,TGGAACTGCCTCTTTCTT,0.44,0.668,False
1564,AGGATCTTTCACCCACAG,0.5,0.668,False
1566,GATCTTTCACCCACAGAA,0.44,0.668,False
259,TGTGGACATGAAGCCCTC,0.56,0.668,False
1954,GGCCTCTGTCATATCTTC,0.5,0.668,False
1565,GGATCTTTCACCCACAGA,0.5,0.668,False
1563,AAGGATCTTTCACCCACA,0.44,0.668,False
1568,TCTTTCACCCACAGAAAG,0.44,0.668,False
2752,GACAGTGAAGTAATCCGT,0.44,0.666,False
1261,AAGGAATGGAGGCTCTAA,0.44,0.666,False
1817,ACATGAGAACAGACTGGC,0.5,0.665,False
598,CATCCCGACAAGTTTGTG,0.5,0.664,False
1009,CTTTCTCTAATAGCGAGG,0.44,0.664,False
1363,AGATGCTCAGGTACAGAG,0.5,0.664,False
1321,TCTCAAAGGGTACTTCCA,0.44,0.662,False
1631,GCCAACCTTACTTACAGC,0.5,0.661,False
757,TGTGCTGATGCCAGAATG,0.5,0.661,False
756,CTGTGCTGATGCCAGAAT,0.5,0.661,False
563,AGCGGGTGTGTCATTGTT,0.5,0.66,False
758,GTGCTGATGCCAGAATGT,0.5,0.659,False
759,TGCTGATGCCAGAATGTA,0.44,0.659,False
599,ATCCCGACAAGTTTGTGG,0.5,0.659,False
1196,TCATAGCTGGTTCCTGCT,0.5,0.659,False
1395,GTCCTCTTGCCATCTATA,0.44,0.658,False
376,GGAACTGCCTCTTTCTTC,0.5,0.658,False
1228,CCTAAGAAGATGACTTCC,0.44,0.657,False
1632,CCAACCTTACTTACAGCA,0.44,0.656,False
564,GCGGGTGTGTCATTGTTT,0.5,0.655,False
1719,GGGTGTTGTCAGCATCTT,0.5,0.654,False
1229,CTAAGAAGATGACTTCCC,0.44,0.653,False
1232,AGAAGATGACTTCCCAAC,0.44,0.652,False
813,TTGTGGCTCCAACCTTCT,0.5,0.652,False
377,GAACTGCCTCTTTCTTCT,0.44,0.651,False
1233,GAAGATGACTTCCCAACT,0.44,0.651,False
1237,ATGACTTCCCAACTGCAA,0.44,0.651,False
1238,TGACTTCCCAACTGCAAG,0.5,0.651,False
1234,AAGATGACTTCCCAACTG,0.44,0.651,False
2402,CATCAGCTATTCAGTTGG,0.44,0.651,False
1235,AGATGACTTCCCAACTGC,0.5,0.65,False
1236,GATGACTTCCCAACTGCA,0.5,0.65,False
1022,CGAGGCTCTAACCACACA,0.56,0.649,False
565,CGGGTGTGTCATTGTTTG,0.5,0.648,False
2458,GACCTGAATAGCTCCCAG,0.56,0.648,False
1717,CAGGGTGTTGTCAGCATC,0.56,0.647,False
1718,AGGGTGTTGTCAGCATCT,0.5,0.647,False
1716,ACAGGGTGTTGTCAGCAT,0.5,0.646,False
1044,ACAATGCTGCGTCTCCCA,0.56,0.645,False
1045,CAATGCTGCGTCTCCCAT,0.56,0.644,False
1768,TGACAACCCTGTGGTTTC,0.5,0.643,False
1767,ATGACAACCCTGTGGTTT,0.44,0.643,False
566,GGGTGTGTCATTGTTTGG,0.5,0.641,False
1046,AATGCTGCGTCTCCCATC,0.56,0.641,False
261,TGGACATGAAGCCCTCAC,0.56,0.639,False
1047,ATGCTGCGTCTCCCATCT,0.56,0.639,False
1049,GCTGCGTCTCCCATCTTA,0.56,0.638,False
1048,TGCTGCGTCTCCCATCTT,0.56,0.638,False
1050,CTGCGTCTCCCATCTTAA,0.5,0.638,False
732,GACCTCTGCCAGTATAGG,0.56,0.637,False
895,GCTGCAGCTACACTGGTT,0.56,0.636,False
567,GGTGTGTCATTGTTTGGG,0.5,0.636,False
348,GATCCATGCCTTCCAGTA,0.5,0.636,False
1715,AACAGGGTGTTGTCAGCA,0.5,0.634,False
75,ACCAGGATCCTTCCAGCT,0.56,0.633,False
568,GTGTGTCATTGTTTGGGA,0.44,0.632,False
1953,TGGCCTCTGTCATATCTT,0.44,0.632,False
260,GTGGACATGAAGCCCTCA,0.56,0.632,False
1195,TTCATAGCTGGTTCCTGC,0.5,0.629,False
596,GACATCCCGACAAGTTTG,0.5,0.628,False
1820,TGAGAACAGACTGGCCTG,0.56,0.626,False
453,GATCTTTGGCGACTACAA,0.44,0.625,False
846,AGCTGAGTTCCAAATGAC,0.44,0.624,False
1336,CCACTGATGGAAACAAAG,0.44,0.624,False
1818,CATGAGAACAGACTGGCC,0.56,0.624,False
2391,AATGCACCAGTCATCAGC,0.5,0.624,False
272,CCCTCACTGGCACAGAAA,0.56,0.624,False
1743,CCCTTCTCCTTGATAACA,0.44,0.623,False
787,CCATGGAATGCTTTCCCT,0.5,0.622,False
262,GGACATGAAGCCCTCACT,0.56,0.621,False
1010,TTTCTCTAATAGCGAGGC,0.44,0.621,False
68,TGGAGAGACCAGGATCCT,0.56,0.621,False
534,CAGAGGCCAACATCAAGC,0.56,0.619,False
1821,GAGAACAGACTGGCCTGA,0.56,0.619,False
586,AAATGGCTAGGACATCCC,0.5,0.618,False
1952,CTGGCCTCTGTCATATCT,0.5,0.617,False
1819,ATGAGAACAGACTGGCCT,0.5,0.616,False
1131,CTTGCAGTGATTAAGGTC,0.44,0.615,False
162,CTTGTTAGAGTGCTGTGC,0.5,0.615,False
1562,CAAGGATCTTTCACCCAC,0.5,0.613,False
2751,GGACAGTGAAGTAATCCG,0.5,0.612,False
1262,AGGAATGGAGGCTCTAAT,0.44,0.611,False
788,CATGGAATGCTTTCCCTG,0.5,0.611,False
347,TGATCCATGCCTTCCAGT,0.5,0.61,False
760,GCTGATGCCAGAATGTAT,0.44,0.61,False
587,AATGGCTAGGACATCCCG,0.56,0.609,False
1364,GATGCTCAGGTACAGAGA,0.5,0.609,False
160,GGCTTGTTAGAGTGCTGT,0.5,0.609,False
161,GCTTGTTAGAGTGCTGTG,0.5,0.609,False
263,GACATGAAGCCCTCACTG,0.56,0.608,False
1322,CTCAAAGGGTACTTCCAC,0.5,0.607,False
159,GGGCTTGTTAGAGTGCTG,0.56,0.606,False
2221,GTATTCTGCCTTTGCAGA,0.44,0.605,False
1950,CTCTGGCCTCTGTCATAT,0.5,0.605,False
1824,AACAGACTGGCCTGAGGA,0.56,0.603,False
1822,AGAACAGACTGGCCTGAG,0.56,0.603,False
1394,GGTCCTCTTGCCATCTAT,0.5,0.602,False
789,ATGGAATGCTTTCCCTGG,0.5,0.601,False
2457,AGACCTGAATAGCTCCCA,0.5,0.6,False
2006,CAGTCATCGTAGGTGATT,0.44,0.599,False
379,ACTGCCTCTTTCTTCTTC,0.44,0.599,False
812,TTTGTGGCTCCAACCTTC,0.5,0.599,False
1648,CATAAGGGAGCGTAGAAT,0.44,0.598,False
1647,GCATAAGGGAGCGTAGAA,0.5,0.597,False
1951,TCTGGCCTCTGTCATATC,0.5,0.596,False
731,AGACCTCTGCCAGTATAG,0.5,0.595,False
1949,ACTCTGGCCTCTGTCATA,0.5,0.594,False
786,CCCATGGAATGCTTTCCC,0.56,0.594,False
1766,CATGACAACCCTGTGGTT,0.5,0.592,False
264,ACATGAAGCCCTCACTGG,0.56,0.592,False
790,TGGAATGCTTTCCCTGGC,0.56,0.59,False
1020,AGCGAGGCTCTAACCACA,0.56,0.59,False
699,GACCACCTGCCAGTCTAT,0.56,0.589,False
1193,GCTTCATAGCTGGTTCCT,0.5,0.586,False
595,GGACATCCCGACAAGTTT,0.5,0.586,False
1194,CTTCATAGCTGGTTCCTG,0.5,0.586,False
346,GTGATCCATGCCTTCCAG,0.56,0.585,False
1051,TGCGTCTCCCATCTTAAC,0.5,0.585,False
1714,AAACAGGGTGTTGTCAGC,0.5,0.584,False
1948,TACTCTGGCCTCTGTCAT,0.5,0.583,False
2393,TGCACCAGTCATCAGCTA,0.5,0.582,False
2392,ATGCACCAGTCATCAGCT,0.5,0.582,False
1012,TCTCTAATAGCGAGGCTC,0.5,0.582,False
2395,CACCAGTCATCAGCTATT,0.44,0.581,False
2394,GCACCAGTCATCAGCTAT,0.5,0.581,False
1011,TTCTCTAATAGCGAGGCT,0.44,0.581,False
2396,ACCAGTCATCAGCTATTC,0.44,0.58,False
2397,CCAGTCATCAGCTATTCA,0.44,0.579,False
343,AATGTGATCCATGCCTTC,0.44,0.579,False
791,GGAATGCTTTCCCTGGCA,0.56,0.578,False
2398,CAGTCATCAGCTATTCAG,0.44,0.578,False
792,GAATGCTTTCCCTGGCAA,0.5,0.577,False
700,ACCACCTGCCAGTCTATT,0.5,0.577,False
345,TGTGATCCATGCCTTCCA,0.5,0.577,False
785,TCCCATGGAATGCTTTCC,0.5,0.576,False
344,ATGTGATCCATGCCTTCC,0.5,0.576,False
1649,ATAAGGGAGCGTAGAATC,0.44,0.575,False
380,CTGCCTCTTTCTTCTTCC,0.5,0.575,False
342,CAATGTGATCCATGCCTT,0.44,0.575,False
1646,AGCATAAGGGAGCGTAGA,0.5,0.574,False
1016,TAATAGCGAGGCTCTAAC,0.44,0.572,False
793,AATGCTTTCCCTGGCAAG,0.5,0.572,False
1017,AATAGCGAGGCTCTAACC,0.5,0.572,False
588,ATGGCTAGGACATCCCGA,0.56,0.571,False
1014,TCTAATAGCGAGGCTCTA,0.44,0.571,False
1015,CTAATAGCGAGGCTCTAA,0.44,0.571,False
2434,AAAGGACAGGCAGAAAGA,0.44,0.57,False
452,AGATCTTTGGCGACTACA,0.44,0.57,False
1013,CTCTAATAGCGAGGCTCT,0.5,0.57,False
845,CAGCTGAGTTCCAAATGA,0.44,0.568,False
2220,AGTATTCTGCCTTTGCAG,0.44,0.568,False
266,ATGAAGCCCTCACTGGCA,0.56,0.568,False
1018,ATAGCGAGGCTCTAACCA,0.5,0.567,False
1744,CCTTCTCCTTGATAACAG,0.44,0.567,False
341,TCAATGTGATCCATGCCT,0.44,0.565,False
535,AGAGGCCAACATCAAGCT,0.5,0.565,False
1640,ACTTACAGCATAAGGGAG,0.44,0.563,False
1019,TAGCGAGGCTCTAACCAC,0.56,0.559,False
1560,AGCAAGGATCTTTCACCC,0.5,0.558,False
1561,GCAAGGATCTTTCACCCA,0.5,0.558,False
1559,AAGCAAGGATCTTTCACC,0.44,0.558,False
2750,AGGACAGTGAAGTAATCC,0.44,0.557,False
1263,GGAATGGAGGCTCTAATT,0.44,0.556,False
761,CTGATGCCAGAATGTATG,0.44,0.556,False
340,ATCAATGTGATCCATGCC,0.44,0.555,False
1325,AAAGGGTACTTCCACTGA,0.44,0.555,False
1365,ATGCTCAGGTACAGAGAA,0.44,0.554,False
158,TGGGCTTGTTAGAGTGCT,0.5,0.554,False
2456,GAGACCTGAATAGCTCCC,0.56,0.554,False
1324,CAAAGGGTACTTCCACTG,0.5,0.554,False
2005,TCAGTCATCGTAGGTGAT,0.44,0.553,False
1323,TCAAAGGGTACTTCCACT,0.44,0.553,False
1971,CACAATGGTGCTCATTTC,0.44,0.552,False
77,CAGGATCCTTCCAGCTGA,0.56,0.552,False
49,AAAGACCGAAGAAGGAGG,0.5,0.552,False
381,TGCCTCTTTCTTCTTCCT,0.44,0.55,False
1645,CAGCATAAGGGAGCGTAG,0.56,0.549,False
1968,CTTCACAATGGTGCTCAT,0.44,0.549,False
1966,ATCTTCACAATGGTGCTC,0.44,0.549,False
1967,TCTTCACAATGGTGCTCA,0.44,0.548,False
1393,TGGTCCTCTTGCCATCTA,0.5,0.547,False
794,ATGCTTTCCCTGGCAAGG,0.56,0.547,False
730,AAGACCTCTGCCAGTATA,0.44,0.547,False
811,GTTTGTGGCTCCAACCTT,0.5,0.544,False
339,CATCAATGTGATCCATGC,0.44,0.544,False
2455,TGAGACCTGAATAGCTCC,0.5,0.542,False
1765,CCATGACAACCCTGTGGT,0.56,0.542,False
1644,ACAGCATAAGGGAGCGTA,0.5,0.542,False
1764,ACCATGACAACCCTGTGG,0.56,0.541,False
594,AGGACATCCCGACAAGTT,0.5,0.541,False
1947,GTACTCTGGCCTCTGTCA,0.56,0.541,False
2276,CTGATCGTTCTTTCTAGC,0.44,0.54,False
1643,TACAGCATAAGGGAGCGT,0.5,0.538,False
2454,TTGAGACCTGAATAGCTC,0.44,0.537,False
1192,TGCTTCATAGCTGGTTCC,0.5,0.535,False
1052,GCGTCTCCCATCTTAACT,0.5,0.532,False
1642,TTACAGCATAAGGGAGCG,0.5,0.532,False
1073,TGCCTTTGCCACCAACTG,0.56,0.53,False
784,CTCCCATGGAATGCTTTC,0.5,0.53,False
1072,TTGCCTTTGCCACCAACT,0.5,0.529,False
2436,AGGACAGGCAGAAAGAGT,0.5,0.529,False
1713,GAAACAGGGTGTTGTCAG,0.5,0.529,False
2435,AAGGACAGGCAGAAAGAG,0.5,0.526,False
2437,GGACAGGCAGAAAGAGTT,0.5,0.525,False
1058,CCCATCTTAACTCTTTGC,0.44,0.525,False
1650,TAAGGGAGCGTAGAATCT,0.44,0.525,False
1641,CTTACAGCATAAGGGAGC,0.5,0.524,False
701,CCACCTGCCAGTCTATTG,0.56,0.522,False
1059,CCATCTTAACTCTTTGCC,0.44,0.522,False
382,GCCTCTTTCTTCTTCCTT,0.44,0.521,False
795,TGCTTTCCCTGGCAAGGT,0.56,0.52,False
2003,ATTCAGTCATCGTAGGTG,0.44,0.516,False
2004,TTCAGTCATCGTAGGTGA,0.44,0.516,False
2438,GACAGGCAGAAAGAGTTT,0.44,0.515,False
1458,GGTCTCTCTATTACCACT,0.44,0.515,False
1459,GTCTCTCTATTACCACTG,0.44,0.515,False
451,CAGATCTTTGGCGACTAC,0.5,0.514,False
844,ACAGCTGAGTTCCAAATG,0.44,0.514,False
1745,CTTCTCCTTGATAACAGC,0.44,0.512,False
536,GAGGCCAACATCAAGCTC,0.56,0.51,False
1129,GTCTTGCAGTGATTAAGG,0.44,0.509,False
1326,AAGGGTACTTCCACTGAT,0.44,0.507,False
540,CCAACATCAAGCTCATTC,0.44,0.506,False
1976,TGGTGCTCATTTCATGGG,0.5,0.505,False
537,AGGCCAACATCAAGCTCA,0.5,0.505,False
1946,TGTACTCTGGCCTCTGTC,0.56,0.505,False
539,GCCAACATCAAGCTCATT,0.44,0.505,False
538,GGCCAACATCAAGCTCAT,0.5,0.504,False
1264,GAATGGAGGCTCTAATTG,0.44,0.502,False
1975,ATGGTGCTCATTTCATGG,0.44,0.502,False
762,TGATGCCAGAATGTATGG,0.44,0.501,False
78,AGGATCCTTCCAGCTGAA,0.5,0.5,False
157,ATGGGCTTGTTAGAGTGC,0.5,0.5,False
593,TAGGACATCCCGACAAGT,0.5,0.5,False
2452,GTTTGAGACCTGAATAGC,0.44,0.5,False
591,GCTAGGACATCCCGACAA,0.56,0.499,False
592,CTAGGACATCCCGACAAG,0.56,0.499,False
1366,TGCTCAGGTACAGAGAAG,0.5,0.499,False
50,AAGACCGAAGAAGGAGGC,0.56,0.498,False
2218,CAAGTATTCTGCCTTTGC,0.44,0.493,False
1392,TTGGTCCTCTTGCCATCT,0.5,0.492,False
729,CAAGACCTCTGCCAGTAT,0.5,0.492,False
1763,TACCATGACAACCCTGTG,0.5,0.491,False
21,GGACAAAGATACTCAGAG,0.44,0.49,False
810,GGTTTGTGGCTCCAACCT,0.56,0.489,False
2002,CATTCAGTCATCGTAGGT,0.44,0.487,False
796,GCTTTCCCTGGCAAGGTT,0.56,0.487,False
783,TCTCCCATGGAATGCTTT,0.44,0.487,False
797,CTTTCCCTGGCAAGGTTT,0.5,0.486,False
1446,GGAATTCATTCTGGTCTC,0.44,0.484,False
1191,TTGCTTCATAGCTGGTTC,0.44,0.482,False
1053,CGTCTCCCATCTTAACTC,0.5,0.479,False
1754,GATAACAGCTACCATGAC,0.44,0.478,False
1071,TTTGCCTTTGCCACCAAC,0.5,0.477,False
1712,AGAAACAGGGTGTTGTCA,0.44,0.476,False
1700,TCGTTAGGGAAGAGAAAC,0.44,0.474,False
702,CACCTGCCAGTCTATTGC,0.56,0.472,False
1651,AAGGGAGCGTAGAATCTG,0.5,0.471,False
1701,CGTTAGGGAAGAGAAACA,0.44,0.469,False
2439,ACAGGCAGAAAGAGTTTG,0.44,0.468,False
1659,GTAGAATCTGTGTAGACG,0.44,0.464,False
1945,GTGTACTCTGGCCTCTGT,0.56,0.463,False
79,GGATCCTTCCAGCTGAAC,0.56,0.463,False
1457,TGGTCTCTCTATTACCAC,0.44,0.461,False
2001,CCATTCAGTCATCGTAGG,0.5,0.459,False
450,GCAGATCTTTGGCGACTA,0.5,0.459,False
1333,CTTCCACTGATGGAAACA,0.44,0.459,False
1332,ACTTCCACTGATGGAAAC,0.44,0.458,False
2000,TCCATTCAGTCATCGTAG,0.44,0.458,False
1330,GTACTTCCACTGATGGAA,0.44,0.457,False
1328,GGGTACTTCCACTGATGG,0.56,0.456,False
1329,GGTACTTCCACTGATGGA,0.5,0.456,False
1327,AGGGTACTTCCACTGATG,0.5,0.456,False
876,TATTGCTGCATTTGTGGG,0.44,0.455,False
19,GAGGACAAAGATACTCAG,0.44,0.454,False
82,TCCTTCCAGCTGAACAAA,0.44,0.453,False
81,ATCCTTCCAGCTGAACAA,0.44,0.451,False
51,AGACCGAAGAAGGAGGCT,0.56,0.447,False
763,GATGCCAGAATGTATGGT,0.44,0.446,False
1944,TGTGTACTCTGGCCTCTG,0.56,0.445,False
1054,GTCTCCCATCTTAACTCT,0.44,0.445,False
156,CATGGGCTTGTTAGAGTG,0.5,0.444,False
1367,GCTCAGGTACAGAGAAGG,0.56,0.444,False
1390,CTTTGGTCCTCTTGCCAT,0.5,0.443,False
1656,AGCGTAGAATCTGTGTAG,0.44,0.443,False
1391,TTTGGTCCTCTTGCCATC,0.5,0.442,False
782,TTCTCCCATGGAATGCTT,0.44,0.442,False
728,GCAAGACCTCTGCCAGTA,0.56,0.437,False
1688,TGGCCTTACACCTCGTTA,0.5,0.436,False
1762,CTACCATGACAACCCTGT,0.5,0.435,False
1689,GGCCTTACACCTCGTTAG,0.56,0.435,False
809,AGGTTTGTGGCTCCAACC,0.56,0.434,False
9,TGCAGGAGAAGAGGACAA,0.5,0.434,False
1657,GCGTAGAATCTGTGTAGA,0.44,0.433,False
7,ATTGCAGGAGAAGAGGAC,0.5,0.431,False
13,GGAGAAGAGGACAAAGAT,0.44,0.431,False
1943,TTGTGTACTCTGGCCTCT,0.5,0.43,False
798,TTTCCCTGGCAAGGTTTG,0.5,0.43,False
80,GATCCTTCCAGCTGAACA,0.5,0.43,False
1687,CTGGCCTTACACCTCGTT,0.56,0.429,False
1702,GTTAGGGAAGAGAAACAG,0.44,0.429,False
1070,CTTTGCCTTTGCCACCAA,0.5,0.423,False
12,AGGAGAAGAGGACAAAGA,0.44,0.422,False
1939,TTAGTTGTGTACTCTGGC,0.44,0.422,False
8,TTGCAGGAGAAGAGGACA,0.5,0.422,False
1658,CGTAGAATCTGTGTAGAC,0.44,0.421,False
2440,CAGGCAGAAAGAGTTTGA,0.44,0.421,False
1711,GAGAAACAGGGTGTTGTC,0.5,0.421,False
1699,CTCGTTAGGGAAGAGAAA,0.44,0.419,False
1710,AGAGAAACAGGGTGTTGT,0.44,0.419,False
10,GCAGGAGAAGAGGACAAA,0.5,0.418,False
1652,AGGGAGCGTAGAATCTGT,0.5,0.418,False
704,CCTGCCAGTCTATTGCCT,0.56,0.417,False
703,ACCTGCCAGTCTATTGCC,0.56,0.417,False
1942,GTTGTGTACTCTGGCCTC,0.56,0.415,False
1940,TAGTTGTGTACTCTGGCC,0.5,0.414,False
83,CCTTCCAGCTGAACAAAG,0.5,0.412,False
1941,AGTTGTGTACTCTGGCCT,0.5,0.411,False
11,CAGGAGAAGAGGACAAAG,0.5,0.411,False
1456,CTGGTCTCTCTATTACCA,0.44,0.406,False
449,GGCAGATCTTTGGCGACT,0.56,0.405,False
6,CATTGCAGGAGAAGAGGA,0.5,0.403,False
1748,CTCCTTGATAACAGCTAC,0.44,0.402,False
1662,GAATCTGTGTAGACGAAG,0.44,0.401,False
1655,GAGCGTAGAATCTGTGTA,0.44,0.399,False
1554,GGTCAAAGCAAGGATCTT,0.44,0.393,False
1553,GGGTCAAAGCAAGGATCT,0.5,0.393,False
1750,CCTTGATAACAGCTACCA,0.44,0.391,False
764,ATGCCAGAATGTATGGTG,0.44,0.391,False
125,CCGGCTACAATTGGAGTC,0.56,0.391,False
1690,GCCTTACACCTCGTTAGG,0.56,0.39,False
1703,TTAGGGAAGAGAAACAGG,0.44,0.39,False
1368,CTCAGGTACAGAGAAGGA,0.5,0.389,False
781,GTTCTCCCATGGAATGCT,0.5,0.389,False
155,ACATGGGCTTGTTAGAGT,0.44,0.389,False
1389,TCTTTGGTCCTCTTGCCA,0.5,0.388,False
124,GCCGGCTACAATTGGAGT,0.56,0.385,False
1761,GCTACCATGACAACCCTG,0.56,0.384,False
808,AAGGTTTGTGGCTCCAAC,0.5,0.382,False
727,AGCAAGACCTCTGCCAGT,0.56,0.382,False
1297,CCTGAGGATCAGAAAGTA,0.44,0.38,False
1686,TCTGGCCTTACACCTCGT,0.56,0.379,False
799,TTCCCTGGCAAGGTTTGT,0.5,0.377,False
1691,CCTTACACCTCGTTAGGG,0.56,0.376,False
2441,AGGCAGAAAGAGTTTGAG,0.44,0.374,False
84,CTTCCAGCTGAACAAAGT,0.44,0.371,False
1069,TCTTTGCCTTTGCCACCA,0.5,0.37,False
705,CTGCCAGTCTATTGCCTT,0.5,0.369,False
5,TCATTGCAGGAGAAGAGG,0.5,0.369,False
1653,GGGAGCGTAGAATCTGTG,0.56,0.367,False
1709,AAGAGAAACAGGGTGTTG,0.44,0.367,False
1065,TAACTCTTTGCCTTTGCC,0.44,0.366,False
1698,CCTCGTTAGGGAAGAGAA,0.5,0.364,False
119,AGCCAGCCGGCTACAATT,0.56,0.363,False
4,TTCATTGCAGGAGAAGAG,0.44,0.36,False
2444,CAGAAAGAGTTTGAGACC,0.44,0.358,False
1654,GGAGCGTAGAATCTGTGT,0.5,0.355,False
1455,TCTGGTCTCTCTATTACC,0.44,0.352,False
1663,AATCTGTGTAGACGAAGG,0.44,0.352,False
1749,TCCTTGATAACAGCTACC,0.44,0.351,False
448,AGGCAGATCTTTGGCGAC,0.56,0.351,False
765,TGCCAGAATGTATGGTGT,0.44,0.348,False
2446,GAAAGAGTTTGAGACCTG,0.44,0.345,False
2443,GCAGAAAGAGTTTGAGAC,0.44,0.345,False
1704,TAGGGAAGAGAAACAGGG,0.5,0.342,False
1757,AACAGCTACCATGACAAC,0.44,0.34,False
1121,AAAGGAGAGTCTTGCAGT,0.44,0.339,False
1122,AAGGAGAGTCTTGCAGTG,0.5,0.338,False
126,CGGCTACAATTGGAGTCA,0.5,0.337,False
780,TGTTCTCCCATGGAATGC,0.5,0.336,False
123,AGCCGGCTACAATTGGAG,0.56,0.335,False
154,GACATGGGCTTGTTAGAG,0.5,0.334,False
1760,AGCTACCATGACAACCCT,0.5,0.334,False
1369,TCAGGTACAGAGAAGGAA,0.44,0.334,False
1388,GTCTTTGGTCCTCTTGCC,0.56,0.333,False
1685,ATCTGGCCTTACACCTCG,0.56,0.332,False
122,CAGCCGGCTACAATTGGA,0.56,0.331,False
1296,TCCTGAGGATCAGAAAGT,0.44,0.331,False
85,TTCCAGCTGAACAAAGTC,0.44,0.329,False
2442,GGCAGAAAGAGTTTGAGA,0.44,0.329,False
807,CAAGGTTTGTGGCTCCAA,0.5,0.329,False
118,TAGCCAGCCGGCTACAAT,0.56,0.328,False
1066,AACTCTTTGCCTTTGCCA,0.44,0.326,False
1692,CTTACACCTCGTTAGGGA,0.5,0.324,False
800,TCCCTGGCAAGGTTTGTG,0.56,0.323,False
1693,TTACACCTCGTTAGGGAA,0.44,0.322,False
1697,ACCTCGTTAGGGAAGAGA,0.5,0.322,False
1067,ACTCTTTGCCTTTGCCAC,0.5,0.322,False
706,TGCCAGTCTATTGCCTTC,0.5,0.319,False
708,CCAGTCTATTGCCTTCCC,0.56,0.318,False
707,GCCAGTCTATTGCCTTCC,0.56,0.318,False
1068,CTCTTTGCCTTTGCCACC,0.56,0.317,False
1695,ACACCTCGTTAGGGAAGA,0.5,0.316,False
1696,CACCTCGTTAGGGAAGAG,0.56,0.316,False
1694,TACACCTCGTTAGGGAAG,0.5,0.315,False
1708,GAAGAGAAACAGGGTGTT,0.44,0.312,False
766,GCCAGAATGTATGGTGTT,0.44,0.307,False
150,CAAAGACATGGGCTTGTT,0.44,0.307,False
1664,ATCTGTGTAGACGAAGGG,0.5,0.303,False
447,CAGGCAGATCTTTGGCGA,0.56,0.3,False
1125,GAGAGTCTTGCAGTGATT,0.44,0.297,False
446,TCAGGCAGATCTTTGGCG,0.56,0.297,False
133,AATTGGAGTCAGAGTCCC,0.5,0.294,False
131,ACAATTGGAGTCAGAGTC,0.44,0.293,False
132,CAATTGGAGTCAGAGTCC,0.5,0.293,False
1118,AAGAAAGGAGAGTCTTGC,0.44,0.293,False
1684,CATCTGGCCTTACACCTC,0.56,0.292,False
1705,AGGGAAGAGAAACAGGGT,0.5,0.292,False
1758,ACAGCTACCATGACAACC,0.5,0.291,False
129,CTACAATTGGAGTCAGAG,0.44,0.29,False
128,GCTACAATTGGAGTCAGA,0.44,0.29,False
134,ATTGGAGTCAGAGTCCCA,0.5,0.29,False
135,TTGGAGTCAGAGTCCCAA,0.5,0.29,False
1759,CAGCTACCATGACAACCC,0.56,0.289,False
773,TGTATGGTGTTCTCCCAT,0.44,0.289,False
774,GTATGGTGTTCTCCCATG,0.5,0.288,False
1707,GGAAGAGAAACAGGGTGT,0.5,0.287,False
1119,AGAAAGGAGAGTCTTGCA,0.44,0.287,False
97,AAAGTCAGCCACAAAGCA,0.44,0.286,False
149,CCAAAGACATGGGCTTGT,0.5,0.286,False
98,AAGTCAGCCACAAAGCAG,0.5,0.286,False
1120,GAAAGGAGAGTCTTGCAG,0.5,0.286,False
1123,AGGAGAGTCTTGCAGTGA,0.5,0.285,False
1706,GGGAAGAGAAACAGGGTG,0.56,0.285,False
96,CAAAGTCAGCCACAAAGC,0.5,0.284,False
127,GGCTACAATTGGAGTCAG,0.5,0.282,False
87,CCAGCTGAACAAAGTCAG,0.5,0.281,False
145,AGTCCCAAAGACATGGGC,0.56,0.281,False
144,GAGTCCCAAAGACATGGG,0.56,0.281,False
779,GTGTTCTCCCATGGAATG,0.5,0.281,False
147,TCCCAAAGACATGGGCTT,0.5,0.28,False
148,CCCAAAGACATGGGCTTG,0.56,0.279,False
153,AGACATGGGCTTGTTAGA,0.44,0.279,False
58,AGAAGGAGGCTGGAGAGA,0.56,0.279,False
1370,CAGGTACAGAGAAGGAAT,0.44,0.279,False
1387,TGTCTTTGGTCCTCTTGC,0.5,0.278,False
152,AAGACATGGGCTTGTTAG,0.44,0.278,False
86,TCCAGCTGAACAAAGTCA,0.44,0.278,False
806,GCAAGGTTTGTGGCTCCA,0.56,0.277,False
772,ATGTATGGTGTTCTCCCA,0.44,0.277,False
146,GTCCCAAAGACATGGGCT,0.56,0.277,False
57,AAGAAGGAGGCTGGAGAG,0.56,0.277,False
1295,CTCCTGAGGATCAGAAAG,0.5,0.277,False
56,GAAGAAGGAGGCTGGAGA,0.56,0.276,False
771,AATGTATGGTGTTCTCCC,0.44,0.268,False
1117,CAAGAAAGGAGAGTCTTG,0.44,0.268,False
1683,GCATCTGGCCTTACACCT,0.56,0.265,False
767,CCAGAATGTATGGTGTTC,0.44,0.265,False
1289,AAGCATCTCCTGAGGATC,0.5,0.262,False
90,GCTGAACAAAGTCAGCCA,0.5,0.259,False
770,GAATGTATGGTGTTCTCC,0.44,0.258,False
420,TGAGGGCTTCTACACCAC,0.56,0.257,False
91,CTGAACAAAGTCAGCCAC,0.5,0.255,False
92,TGAACAAAGTCAGCCACA,0.44,0.251,False
1124,GGAGAGTCTTGCAGTGAT,0.5,0.243,False
445,GTCAGGCAGATCTTTGGC,0.56,0.242,False
93,GAACAAAGTCAGCCACAA,0.44,0.241,False
444,AGTCAGGCAGATCTTTGG,0.5,0.238,False
775,TATGGTGTTCTCCCATGG,0.5,0.237,False
442,GCAGTCAGGCAGATCTTT,0.5,0.237,False
443,CAGTCAGGCAGATCTTTG,0.5,0.237,False
136,TGGAGTCAGAGTCCCAAA,0.5,0.236,False
419,CTGAGGGCTTCTACACCA,0.56,0.235,False
143,AGAGTCCCAAAGACATGG,0.5,0.233,False
99,AGTCAGCCACAAAGCAGA,0.5,0.231,False
95,ACAAAGTCAGCCACAAAG,0.44,0.231,False
441,CGCAGTCAGGCAGATCTT,0.56,0.231,False
88,CAGCTGAACAAAGTCAGC,0.5,0.229,False
778,GGTGTTCTCCCATGGAAT,0.5,0.228,False
103,AGCCACAAAGCAGACTAG,0.5,0.228,False
104,GCCACAAAGCAGACTAGC,0.56,0.227,False
109,AAAGCAGACTAGCCAGCC,0.56,0.227,False
1371,AGGTACAGAGAAGGAATG,0.44,0.226,False
1290,AGCATCTCCTGAGGATCA,0.5,0.223,False
1386,ATGTCTTTGGTCCTCTTG,0.44,0.223,False
1294,TCTCCTGAGGATCAGAAA,0.44,0.222,False
1293,ATCTCCTGAGGATCAGAA,0.44,0.217,False
804,TGGCAAGGTTTGTGGCTC,0.56,0.216,False
1291,GCATCTCCTGAGGATCAG,0.56,0.216,False
1292,CATCTCCTGAGGATCAGA,0.5,0.215,False
803,CTGGCAAGGTTTGTGGCT,0.56,0.214,False
89,AGCTGAACAAAGTCAGCC,0.5,0.213,False
102,CAGCCACAAAGCAGACTA,0.5,0.212,False
1288,CAAGCATCTCCTGAGGAT,0.5,0.211,False
776,ATGGTGTTCTCCCATGGA,0.5,0.209,False
1907,CTCTTTGGATAGCATGTC,0.44,0.199,False
101,TCAGCCACAAAGCAGACT,0.5,0.196,False
142,CAGAGTCCCAAAGACATG,0.5,0.184,False
777,TGGTGTTCTCCCATGGAA,0.5,0.182,False
140,GTCAGAGTCCCAAAGACA,0.5,0.181,False
137,GGAGTCAGAGTCCCAAAG,0.56,0.18,False
141,TCAGAGTCCCAAAGACAT,0.44,0.18,False
139,AGTCAGAGTCCCAAAGAC,0.5,0.18,False
138,GAGTCAGAGTCCCAAAGA,0.5,0.18,False
494,TGAGCGCAACGGTAACAG,0.56,0.179,False
493,CTGAGCGCAACGGTAACA,0.56,0.179,False
1378,GAGAAGGAATGTCTTTGG,0.44,0.178,False
100,GTCAGCCACAAAGCAGAC,0.56,0.176,False
1372,GGTACAGAGAAGGAATGT,0.44,0.173,False
1373,GTACAGAGAAGGAATGTC,0.44,0.173,False
108,CAAAGCAGACTAGCCAGC,0.56,0.172,False
107,ACAAAGCAGACTAGCCAG,0.5,0.172,False
105,CCACAAAGCAGACTAGCC,0.56,0.172,False
106,CACAAAGCAGACTAGCCA,0.5,0.172,False
416,TGGCTGAGGGCTTCTACA,0.56,0.161,False
1287,TCAAGCATCTCCTGAGGA,0.5,0.159,False
1384,GAATGTCTTTGGTCCTCT,0.44,0.149,False
1286,TTCAAGCATCTCCTGAGG,0.5,0.135,False
1285,TTTCAAGCATCTCCTGAG,0.44,0.134,False
1383,GGAATGTCTTTGGTCCTC,0.5,0.123,False
1382,AGGAATGTCTTTGGTCCT,0.44,0.098,False
1381,AAGGAATGTCTTTGGTCC,0.44,0.079,False
1380,GAAGGAATGTCTTTGGTC,0.44,0.079,False
