position,sequence_dna,gc_content,accessibility,cluster_size
212,TGGTGGCCACTGGATTGT,0.56,1.0,6
175,TGTGCAAGATGTCTGGTA,0.44,1.0,57
223,GGATTGTGTTTCTTTGGG,0.44,1.0,1
1726,GTCAGCATCTTCTCACTC,0.5,1.0,66
922,ACCTTCATGATTGCTGCC,0.5,1.0,64
622,ACCTATGCCCTGACCGTT,0.56,1.0,7
1574,ACCCACAGAAAGAGAGCA,0.5,1.0,22
861,GACCTTCCACCTGTTTAT,0.44,0.999,22
1533,CTATTGCAGCTGGGAGAA,0.5,0.999,28
1351,AAGTGGAAGGAAAGATGC,0.44,0.999,23
647,TCCTGGTGTTTGCCTGCT,0.56,0.999,7
1207,TCCTGCTAGAAATGGGAA,0.44,0.999,20
1599,CGATGGCGATGGACTACT,0.56,0.999,33
1869,AACCTGAGATGGCCCTCT,0.56,0.999,24
1873,TGAGATGGCCCTCTGGTA,0.56,0.999,3
466,TACAAGACCACCATCTGC,0.5,0.998,26
638,TTGTGTGGCTCCTGGTGT,0.56,0.998,4
1220,GGGAAATGCCTAAGAAGA,0.44,0.998,2
742,AGTATAGGCAGTCTCTGT,0.44,0.997,94
1882,CCTCTGGTAGACACAGGA,0.56,0.996,6
2802,CAAATAACCAACCCTTCC,0.44,0.996,7
973,CGAGGCACCAAGTTCTGA,0.56,0.994,5
1247,AACTGCAAGTCACAAAGG,0.44,0.994,34
2680,ACAAGATAAGCTTCCAGG,0.44,0.991,25
1147,TCTCTCTTTGGACTCTCC,0.5,0.985,7
554,ATTCTTTGGAGCGGGTGT,0.5,0.982,20
663,CTCTGCTGTGCCTGTGTA,0.56,0.98,7
2381,CACATAACAGAATGCACC,0.44,0.976,16
2014,GTAGGTGATTTGAAGGTC,0.44,0.971,4
608,AGTTTGTGGGCATCACCT,0.5,0.969,24
2091,GGGTTGCATCAGAAATGT,0.44,0.967,5
2417,TGGTAAGCTTCCAGGAAA,0.44,0.964,7
2601,CCAAAGTGGTTTCAGCAA,0.44,0.951,2
1785,CCAAGGAGCTGAGAATAG,0.5,0.95,34
1344,GGAAACAAAGTGGAAGGA,0.44,0.949,2
2466,TAGCTCCCAGATTTCAGT,0.44,0.943,15
1031,AACCACACAGCCTACAAT,0.44,0.94,46
2761,GTAATCCGTACCTTGTGT,0.44,0.934,9
2827,CCTCACATGCATACATAC,0.44,0.923,1
242,TGGCACTGTTCTGTGGCT,0.56,0.919,21
689,TCAACACCTGGACCACCT,0.56,0.856,6
356,CCTTCCAGTATGTCATCT,0.44,0.848,18
2234,GCAGAAACAGATTTGGTG,0.44,0.844,1
2329,GGTGTGTTAAGAGTTAGG,0.44,0.843,1
1164,CCCTCTTATGTACCTCTT,0.44,0.834,1
360,CCAGTATGTCATCTATGG,0.44,0.829,1
2407,GCTATTCAGTTGGTAAGC,0.44,0.826,1
1836,TGAGGAGCAGCAGTTGCT,0.56,0.82,1
1398,CTCTTGCCATCTATAGGG,0.5,0.812,19
366,TGTCATCTATGGAACTGC,0.44,0.805,16
2228,GCCTTTGCAGAAACAGAT,0.44,0.802,8
1339,CTGATGGAAACAAAGTGG,0.44,0.79,16
529,GGTTCCAGAGGCCAACAT,0.56,0.778,12
1956,CCTCTGTCATATCTTCAC,0.44,0.748,18
71,AGAGACCAGGATCCTTCC,0.56,0.738,39
1135,CAGTGATTAAGGTCTCTC,0.44,0.735,5
1813,GCTTACATGAGAACAGAC,0.44,0.724,9
1084,CCAACTGGCCCTCTTCTT,0.56,0.703,10
2008,GTCATCGTAGGTGATTTG,0.44,0.694,8
2402,CATCAGCTATTCAGTTGG,0.44,0.651,1
272,CCCTCACTGGCACAGAAA,0.56,0.624,1
1648,CATAAGGGAGCGTAGAAT,0.44,0.598,23
699,GACCACCTGCCAGTCTAT,0.56,0.589,10
2434,AAAGGACAGGCAGAAAGA,0.44,0.57,12
1971,CACAATGGTGCTCATTTC,0.44,0.552,4
49,AAAGACCGAAGAAGGAGG,0.5,0.552,3
2276,CTGATCGTTCTTTCTAGC,0.44,0.54,1
1073,TGCCTTTGCCACCAACTG,0.56,0.53,9
1058,CCCATCTTAACTCTTTGC,0.44,0.525,2
1458,GGTCTCTCTATTACCACT,0.44,0.515,5
1976,TGGTGCTCATTTCATGGG,0.5,0.505,2
21,GGACAAAGATACTCAGAG,0.44,0.49,2
1446,GGAATTCATTCTGGTCTC,0.44,0.484,1
876,TATTGCTGCATTTGTGGG,0.44,0.455,1
9,TGCAGGAGAAGAGGACAA,0.5,0.434,10
1553,GGGTCAAAGCAAGGATCT,0.5,0.393,2
1297,CCTGAGGATCAGAAAGTA,0.44,0.38,13
1121,AAAGGAGAGTCTTGCAGT,0.44,0.339,9
58,AGAAGGAGGCTGGAGAGA,0.56,0.279,3
420,TGAGGGCTTCTACACCAC,0.56,0.257,3
1907,CTCTTTGGATAGCATGTC,0.44,0.199,1
493,CTGAGCGCAACGGTAACA,0.56,0.179,2
