Name,Type,ClinicalSignificance,PhenotypeList,ChromosomeAccession,Start,Stop
NM_000533.5(PLP1):c.762+3G>A,single nucleotide variant,Uncertain significance,,X,103789401,103789401
NM_000533.5(PLP1):c.740del (p.Ala247fs),Deletion,Pathogenic,,X,103789376,103789376
NM_000533.5(PLP1):c.441A>G (p.Gly147=),single nucleotide variant,Uncertain significance,,X,103786714,103786714
NM_000533.5(PLP1):c.97T>C (p.Cys33Arg),single nucleotide variant,Uncertain significance,,X,103785674,103785674
NM_000533.5(PLP1):c.539C>A (p.Thr180Asn),single nucleotide variant,Uncertain significance,,X,103787883,103787883
GRCh38/hg38 Xq21.31-28(chrX:89027698-156040895)x1,copy number loss,Pathogenic,,X,89027698,156040895
GRCh37/hg19 Xq11.1-28(chrX:61882086-155233731)x3,copy number gain,Pathogenic,,,,
GRCh37/hg19 Xq22.2(chrX:103031924-103045526)x2,copy number gain,Pathogenic,,,,
NM_000533.5(PLP1):c.696+5G>C,single nucleotide variant,Uncertain significance,,X,103788515,103788515
NM_000533.5(PLP1):c.646C>A (p.Pro216Thr),single nucleotide variant,Pathogenic,,X,103788460,103788460
NM_000533.5(PLP1):c.590_591del (p.Ile197fs),Microsatellite,Likely pathogenic,,X,103787932,103787933
NM_000533.5(PLP1):c.350_377dup (p.Arg127fs),Duplication,Likely pathogenic,,X,103786622,103786623
NM_000533.5(PLP1):c.343del (p.Ala115fs),Deletion,Likely pathogenic,,X,103786616,103786616
NM_000533.5(PLP1):c.481G>A (p.Val161Ile),single nucleotide variant,Uncertain significance,,X,103787825,103787825
NM_000533.5(PLP1):c.343G>A (p.Ala115Thr),single nucleotide variant,Uncertain significance,,X,103786616,103786616
GRCh37/hg19 Xq13.1-22.2(chrX:70460290-103312921)x3,copy number gain,Pathogenic,,,,
GRCh37/hg19 Xq22.2(chrX:102988399-103291789)x3,copy number gain,Pathogenic,,,,
GRCh37/hg19 Xq21.1-22.3(chrX:77574432-106660031)x1,copy number loss,Pathogenic,,,,
NM_000533.5(PLP1):c.122C>T (p.Thr41Ile),single nucleotide variant,Likely benign,,X,103785699,103785699
NM_000533.5(PLP1):c.16T>G (p.Cys6Gly),single nucleotide variant,Uncertain significance,,X,103785593,103785593
NM_000533.5(PLP1):c.191+5G>C,single nucleotide variant,Uncertain significance,,X,103785773,103785773
NM_000533.5(PLP1):c.40G>A (p.Ala14Thr),single nucleotide variant,Uncertain significance,,X,103785617,103785617
Single allele,Complex,Pathogenic,,X,69598084,155114089
NM_000533.5(PLP1):c.322A>C (p.Ile108Leu),single nucleotide variant,Uncertain significance,,X,103786595,103786595
NC_000023.10:g.(?_103031767)_(103047549_?)dup,Duplication,Pathogenic,,,,
NM_000533.5(PLP1):c.*33G>T,single nucleotide variant,,,X,103790631,103790631
NM_000533.5(PLP1):c.773T>A (p.Met258Lys),single nucleotide variant,,,X,103790537,103790537
NM_000533.5(PLP1):c.696G>T (p.Glu232Asp),single nucleotide variant,,,X,103788510,103788510
NM_000533.5(PLP1):c.649G>C (p.Gly217Arg),single nucleotide variant,,,X,103788463,103788463
NM_000533.5(PLP1):c.623-1G>T,single nucleotide variant,,,X,103788436,103788436
NM_000533.5(PLP1):c.607G>T (p.Asp203Tyr),single nucleotide variant,,,X,103787951,103787951
NM_000533.5(PLP1):c.559A>T (p.Ile187Phe),single nucleotide variant,,,X,103787903,103787903
NM_000533.5(PLP1):c.536A>G (p.Asn179Ser),single nucleotide variant,,,X,103787880,103787880
NM_000533.5(PLP1):c.453+2T>G,single nucleotide variant,,,X,103786728,103786728
NM_000533.5(PLP1):c.453+2T>A,single nucleotide variant,,,X,103786728,103786728
NM_000533.5(PLP1):c.373G>T (p.Gly125Cys),single nucleotide variant,,,X,103786646,103786646
NM_000533.5(PLP1):c.244T>G (p.Tyr82Asp),single nucleotide variant,,,X,103786517,103786517
NM_000533.5(PLP1):c.205C>A (p.Gln69Lys),single nucleotide variant,,,X,103786478,103786478
NM_000533.5(PLP1):c.126C>T (p.Gly42=),single nucleotide variant,,,X,103785703,103785703
NM_000533.5(PLP1):c.84G>T (p.Gly28=),single nucleotide variant,,,X,103785661,103785661
NM_000533.5(PLP1):c.71T>G (p.Leu24Trp),single nucleotide variant,,,X,103785648,103785648
NM_000533.5(PLP1):c.60G>A (p.Val20=),single nucleotide variant,,,X,103785637,103785637
NM_000533.5(PLP1):c.57G>A (p.Leu19=),single nucleotide variant,,,X,103785634,103785634
NM_000533.5(PLP1):c.56T>A (p.Leu19Gln),single nucleotide variant,,,X,103785633,103785633
NM_000533.5(PLP1):c.37G>A (p.Gly13Arg),single nucleotide variant,,,X,103785614,103785614
NM_000533.5(PLP1):c.28T>G (p.Cys10Gly),single nucleotide variant,,,X,103785605,103785605
NM_000533.5(PLP1):c.27A>G (p.Arg9=),single nucleotide variant,,,X,103785604,103785604
NM_000533.5(PLP1):c.23C>T (p.Ala8Val),single nucleotide variant,,,X,103785600,103785600
NM_000533.5(PLP1):c.5G>T (p.Gly2Val),single nucleotide variant,,,X,103785582,103785582
NM_000533.5(PLP1):c.354dup (p.Gly119fs),Duplication,Uncertain significance,,X,103786626,103786627
GRCh37/hg19 Xq13.1-22.3(chrX:69013433-104620838)x2,copy number gain,Pathogenic,,,,
NM_000533.5(PLP1):c.573C>A (p.Ser191Arg),single nucleotide variant,Uncertain significance,,X,103787917,103787917
NM_000533.5(PLP1):c.-1C>T,single nucleotide variant,Uncertain significance,,X,103776995,103776995
NM_000533.5(PLP1):c.512C>G (p.Ala171Gly),single nucleotide variant,Uncertain significance,,X,103787856,103787856
GRCh37/hg19 Xq13.1-27.1(chrX:71017904-140066710)x4,copy number gain,Pathogenic,,,,
GRCh37/hg19 Xq13.1-22.2(chrX:70460290-103312921)x4,copy number gain,Pathogenic,,,,
GRCh37/hg19 Xq21.33-24(chrX:94003368-117218485)x1,copy number loss,Pathogenic,,,,
NM_000533.5(PLP1):c.374G>T (p.Gly125Val),single nucleotide variant,Uncertain significance,,X,103786647,103786647
NM_000533.5(PLP1):c.283G>A (p.Gly95Ser),single nucleotide variant,Uncertain significance,,X,103786556,103786556
NM_000533.5(PLP1):c.92T>C (p.Leu31Pro),single nucleotide variant,Likely pathogenic,,X,103785669,103785669
NM_000533.5(PLP1):c.716T>C (p.Leu239Pro),single nucleotide variant,Likely pathogenic,,X,103789352,103789352
NM_000533.5(PLP1):c.26G>C (p.Arg9Thr),single nucleotide variant,Uncertain significance,,X,103785603,103785603
NM_000533.5(PLP1):c.742G>T (p.Ala248Ser),single nucleotide variant,Conflicting classifications of pathogenicity,,X,103789378,103789378
NM_000533.5(PLP1):c.758C>G (p.Ser253Cys),single nucleotide variant,Likely pathogenic,,X,103789394,103789394
NM_000533.5(PLP1):c.784A>T (p.Thr262Ser),single nucleotide variant,Uncertain significance,,X,103790548,103790548
NM_000533.5(PLP1):c.617T>A (p.Met206Lys),single nucleotide variant,Uncertain significance,,X,103787961,103787961
NM_000533.5(PLP1):c.1_2del (p.Met1fs),Deletion,Pathogenic,,X,103776996,103776997
NM_000533.5(PLP1):c.374dup (p.Ser126fs),Duplication,Pathogenic,,X,103786643,103786644
NM_000533.5(PLP1):c.522G>A (p.Val174=),single nucleotide variant,Likely benign,,X,103787866,103787866
NM_000533.5(PLP1):c.5-16C>A,single nucleotide variant,Likely benign,,X,103785566,103785566
NM_000533.5(PLP1):c.251C>A (p.Ala84Asp),single nucleotide variant,Uncertain significance,,X,103786524,103786524
NM_000533.5(PLP1):c.141T>C (p.Ile47=),single nucleotide variant,Likely benign,,X,103785718,103785718
NM_000533.5(PLP1):c.696+3G>A,single nucleotide variant,Uncertain significance,,X,103788513,103788513
NM_000533.5(PLP1):c.735G>T (p.Val245=),single nucleotide variant,Likely benign,,X,103789371,103789371
NM_000533.5(PLP1):c.220G>T (p.Gly74Ter),single nucleotide variant,Pathogenic,,X,103786493,103786493
NM_000533.5(PLP1):c.697-3C>T,single nucleotide variant,Uncertain significance,,X,103789330,103789330
NM_000533.5(PLP1):c.336C>T (p.Gly112=),single nucleotide variant,Likely benign,,X,103786609,103786609
NM_000533.5(PLP1):c.669C>G (p.Asn223Lys),single nucleotide variant,Uncertain significance,,X,103788483,103788483
NM_000533.5(PLP1):c.270C>T (p.Gly90=),single nucleotide variant,Likely benign,,X,103786543,103786543
NM_000533.5(PLP1):c.4+1G>T,single nucleotide variant,Pathogenic,,X,103777000,103777000
NM_000533.5(PLP1):c.762+5G>A,single nucleotide variant,Conflicting classifications of pathogenicity,,X,103789403,103789403
NM_000533.5(PLP1):c.64A>G (p.Thr22Ala),single nucleotide variant,Uncertain significance,,X,103785641,103785641
GRCh37/hg19 Xq21.32-26.1(chrX:92712119-129831493)x1,copy number loss,Pathogenic,,,,
GRCh37/hg19 Xq21.31-23(chrX:91004293-111532472)x1,copy number loss,Pathogenic,,,,
GRCh37/hg19 Xq21.2-22.3(chrX:84607697-104579525)x1,copy number loss,Pathogenic,,,,
NM_000533.5(PLP1):c.10T>C (p.Leu4=),single nucleotide variant,Likely benign,,X,103785587,103785587
NM_000533.5(PLP1):c.185T>A (p.Ile62Asn),single nucleotide variant,Uncertain significance,,X,103785762,103785762
NM_000533.5(PLP1):c.254dup (p.Leu86fs),Duplication,Likely pathogenic,,X,103786526,103786527
NM_000533.5(PLP1):c.622+1G>A,single nucleotide variant,Pathogenic,,X,103787967,103787967
NM_000533.5(PLP1):c.479C>T (p.Thr160Ile),single nucleotide variant,Uncertain significance,,X,103787823,103787823
NM_000533.5(PLP1):c.589A>T (p.Ile197Leu),single nucleotide variant,Uncertain significance,,X,103787933,103787933
NM_000533.5(PLP1):c.389A>G (p.His130Arg),single nucleotide variant,Uncertain significance,,X,103786662,103786662
NM_000533.5(PLP1):c.62C>T (p.Ala21Val),single nucleotide variant,Likely pathogenic,,X,103785639,103785639
NM_000533.5(PLP1):c.106G>A (p.Gly36Arg),single nucleotide variant,Uncertain significance,,X,103785683,103785683
NM_000533.5(PLP1):c.353C>T (p.Thr118Ile),single nucleotide variant,Uncertain significance,,X,103786626,103786626
NC_000023.10:g.(?_54610638)_(154689386_?)dup,Duplication,Uncertain significance,,,,
NM_000533.5(PLP1):c.67G>A (p.Gly23Arg),single nucleotide variant,Uncertain significance,,X,103785644,103785644
NM_000533.5(PLP1):c.526A>G (p.Ile176Val),single nucleotide variant,Uncertain significance,,X,103787870,103787870
NM_000533.5(PLP1):c.763-1G>T,single nucleotide variant,Likely pathogenic,,X,103790526,103790526
NM_000533.5(PLP1):c.268G>A (p.Gly90Ser),single nucleotide variant,Uncertain significance,,X,103786541,103786541
NM_000533.5(PLP1):c.4+81G>A,single nucleotide variant,Uncertain significance,,X,103777080,103777080
NC_000023.11:g.(?_103776942)_(103790556_?)dup,Duplication,Pathogenic,,X,103776942,103790556
NM_000533.5(PLP1):c.762G>A (p.Leu254=),single nucleotide variant,Likely pathogenic,,X,103789398,103789398
NM_000533.5(PLP1):c.697-54_711delinsTTTATT,Indel,Likely pathogenic,,X,103789279,103789347
NM_000533.5(PLP1):c.425dup (p.Leu142fs),Duplication,Likely pathogenic,,X,103786695,103786696
NM_000533.5(PLP1):c.584C>A (p.Ala195Asp),single nucleotide variant,Uncertain significance,,X,103787928,103787928
NM_000533.5(PLP1):c.94T>C (p.Phe32Leu),single nucleotide variant,Likely pathogenic,,X,103785671,103785671
NM_000533.5(PLP1):c.137T>C (p.Leu46Pro),single nucleotide variant,Likely pathogenic,,X,103785714,103785714
NM_000533.5(PLP1):c.92T>G (p.Leu31Arg),single nucleotide variant,Likely pathogenic,,X,103785669,103785669
NM_000533.5(PLP1):c.834A>T (p.Ter278Cys),single nucleotide variant,Conflicting classifications of pathogenicity,,X,103790598,103790598
NM_000533.5(PLP1):c.834A>G (p.Ter278Trp),single nucleotide variant,Likely pathogenic,,X,103790598,103790598
NM_000533.5(PLP1):c.761T>C (p.Leu254Pro),single nucleotide variant,Likely pathogenic,,X,103789397,103789397
NM_000533.5(PLP1):c.758C>T (p.Ser253Phe),single nucleotide variant,Likely pathogenic,,X,103789394,103789394
NM_000533.5(PLP1):c.752T>C (p.Leu251Pro),single nucleotide variant,Likely pathogenic,,X,103789388,103789388
NM_000533.5(PLP1):c.736G>T (p.Gly246Trp),single nucleotide variant,Likely pathogenic,,X,103789372,103789372
NM_000533.5(PLP1):c.730T>G (p.Phe244Val),single nucleotide variant,Likely pathogenic,,X,103789366,103789366
NM_000533.5(PLP1):c.728C>T (p.Ala243Val),single nucleotide variant,Pathogenic,,X,103789364,103789364
NM_000533.5(PLP1):c.728C>A (p.Ala243Glu),single nucleotide variant,Likely pathogenic,,X,103789364,103789364
NM_000533.5(PLP1):c.697-3C>A,single nucleotide variant,Uncertain significance,,X,103789330,103789330
NM_000533.5(PLP1):c.697-2A>C,single nucleotide variant,Pathogenic,,X,103789331,103789331
NM_000533.5(PLP1):c.676T>C (p.Ser226Pro),single nucleotide variant,Pathogenic/Likely pathogenic,,X,103788490,103788490
NM_000533.5(PLP1):c.658T>C (p.Cys220Arg),single nucleotide variant,Likely pathogenic,,X,103788472,103788472
NM_000533.5(PLP1):c.125G>A (p.Gly42Asp),single nucleotide variant,Likely pathogenic,,X,103785702,103785702
NM_000533.5(PLP1):c.656T>G (p.Val219Gly),single nucleotide variant,Likely pathogenic,,X,103788470,103788470
NM_000533.5(PLP1):c.644del (p.Phe215fs),Deletion,Likely pathogenic,,X,103788456,103788456
NM_000533.5(PLP1):c.628C>T (p.Leu210Phe),single nucleotide variant,Likely pathogenic,,X,103788442,103788442
NM_000533.5(PLP1):c.619T>C (p.Tyr207His),single nucleotide variant,Likely pathogenic,,X,103787963,103787963
NM_000533.5(PLP1):c.619T>A (p.Tyr207Asn),single nucleotide variant,Likely pathogenic,,X,103787963,103787963
NM_000533.5(PLP1):c.613del (p.Arg205fs),Deletion,Pathogenic,,X,103787957,103787957
NM_000533.5(PLP1):c.56T>C (p.Leu19Pro),single nucleotide variant,Likely pathogenic,,X,103785633,103785633
NM_000533.5(PLP1):c.121A>C (p.Thr41Pro),single nucleotide variant,Likely pathogenic,,X,103785698,103785698
NM_000533.5(PLP1):c.517C>T (p.Pro173Ser),single nucleotide variant,Likely pathogenic,,X,103787861,103787861
NM_000533.5(PLP1):c.51_54del (p.Ser18fs),Deletion,Likely pathogenic,,X,103785627,103785630
NM_000533.5(PLP1):c.476T>C (p.Leu159Pro),single nucleotide variant,Uncertain significance,,X,103787820,103787820
NM_000533.5(PLP1):c.458del (p.Val153fs),Deletion,Likely pathogenic,,X,103787802,103787802
NM_000533.5(PLP1):c.454-314T>A,single nucleotide variant,Likely pathogenic,,X,103787484,103787484
NM_000533.5(PLP1):c.454-2A>G,single nucleotide variant,Pathogenic,,X,103787796,103787796
NM_000533.5(PLP1):c.454-1G>T,single nucleotide variant,Pathogenic,,X,103787797,103787797
NM_000533.5(PLP1):c.453G>T (p.Lys151Asn),single nucleotide variant,Likely pathogenic,,X,103786726,103786726
NM_000533.5(PLP1):c.119T>A (p.Leu40His),single nucleotide variant,Likely pathogenic,,X,103785696,103785696
NM_000533.5(PLP1):c.453+7A>G,single nucleotide variant,Uncertain significance,,X,103786733,103786733
NM_000533.5(PLP1):c.430A>T (p.Lys144Ter),single nucleotide variant,Likely pathogenic,,X,103786703,103786703
NM_000533.5(PLP1):c.113_115del (p.Glu38del),Deletion,Likely pathogenic,,X,103785689,103785691
NM_000533.5(PLP1):c.412del (p.Val138fs),Deletion,Likely pathogenic,,X,103786683,103786683
NM_000533.5(PLP1):c.385C>T (p.Gln129Ter),single nucleotide variant,Likely pathogenic,,X,103786658,103786658
NM_000533.5(PLP1):c.384C>T (p.Gly128=),single nucleotide variant,Uncertain significance,,X,103786657,103786657
NM_000533.5(PLP1):c.377C>T (p.Ser126Phe),single nucleotide variant,Uncertain significance,,X,103786650,103786650
NM_000533.5(PLP1):c.359del (p.Gly120fs),Deletion,Likely pathogenic,,X,103786628,103786628
NM_000533.5(PLP1):c.347C>A (p.Thr116Lys),single nucleotide variant,Likely pathogenic,,X,103786620,103786620
NM_000533.5(PLP1):c.2T>A (p.Met1Lys),single nucleotide variant,Pathogenic,,X,103776997,103776997
NM_000533.5(PLP1):c.282del (p.Gly95fs),Deletion,Pathogenic,,X,103786554,103786554
NM_000533.5(PLP1):c.260T>C (p.Leu87Pro),single nucleotide variant,Likely pathogenic,,X,103786533,103786533
NM_000533.5(PLP1):c.254T>G (p.Leu85Arg),single nucleotide variant,Likely pathogenic,,X,103786527,103786527
NM_000533.5(PLP1):c.242T>G (p.Leu81Arg),single nucleotide variant,Likely pathogenic,,X,103786515,103786515
NM_000533.5(PLP1):c.230C>A (p.Ser77Tyr),single nucleotide variant,Uncertain significance,,X,103786503,103786503
NM_000533.5(PLP1):c.105T>A (p.Cys35Ter),single nucleotide variant,Likely pathogenic,,X,103785682,103785682
NM_000533.5(PLP1):c.226_231dup (p.Ser77_Phe78insAlaSer),Duplication,Uncertain significance,,X,103786496,103786497
NM_000533.5(PLP1):c.223A>C (p.Thr75Pro),single nucleotide variant,Uncertain significance,,X,103786496,103786496
NM_000533.5(PLP1):c.221G>A (p.Gly74Glu),single nucleotide variant,Likely pathogenic,,X,103786494,103786494
NM_000533.5(PLP1):c.212T>A (p.Val71Asp),single nucleotide variant,Uncertain significance,,X,103786485,103786485
NM_000533.5(PLP1):c.206A>T (p.Gln69Leu),single nucleotide variant,Likely pathogenic,,X,103786479,103786479
NM_000533.5(PLP1):c.192-2A>G,single nucleotide variant,Likely pathogenic,,X,103786463,103786463
NM_000533.5(PLP1):c.192-2A>C,single nucleotide variant,Likely pathogenic,,X,103786463,103786463
NM_000533.5(PLP1):c.191+4A>G,single nucleotide variant,Uncertain significance,,X,103785772,103785772
NM_000533.5(PLP1):c.151T>G (p.Phe51Val),single nucleotide variant,Likely pathogenic,,X,103785728,103785728
NM_000533.5(PLP1):c.103T>C (p.Cys35Arg),single nucleotide variant,Likely pathogenic,,X,103785680,103785680
NM_000533.5(PLP1):c.214A>C (p.Ile72Leu),single nucleotide variant,Uncertain significance,,X,103786487,103786487
NM_000533.5(PLP1):c.623-2A>C,single nucleotide variant,Likely pathogenic,,X,103788435,103788435
NM_000533.5(PLP1):c.554_564del (p.Gln185fs),Deletion,Likely pathogenic,,X,103787894,103787904
NM_000533.5(PLP1):c.406_422del (p.Glu136fs),Deletion,Pathogenic,,X,103786676,103786692
NM_000533.5(PLP1):c.380_392del (p.Arg127fs),Deletion,Pathogenic,,X,103786651,103786663
NC_000023.10:g.(?_103031924)_(103044347_?)dup,Duplication,Uncertain significance,,,,
NC_000023.10:g.(?_103045435)_(103045526_?)dup,Duplication,Uncertain significance,,,,
GRCh38/hg38 Xp22.33-q28(chrX:2757837-156030895)x2,copy number gain,Pathogenic,,X,2757837,156030895
NM_000533.5(PLP1):c.286G>A (p.Ala96Thr),single nucleotide variant,Uncertain significance,,X,103786559,103786559
NM_000533.5(PLP1):c.413T>C (p.Val138Ala),single nucleotide variant,Uncertain significance,,X,103786686,103786686
NM_000533.5(PLP1):c.694G>A (p.Glu232Lys),single nucleotide variant,Likely pathogenic,,X,103788508,103788508
NM_000533.5(PLP1):c.623G>T (p.Gly208Val),single nucleotide variant,Pathogenic,,X,103788437,103788437
NM_000533.5(PLP1):c.398A>T (p.His133Leu),single nucleotide variant,Uncertain significance,,X,103786671,103786671
NM_000533.5(PLP1):c.4+74G>T,single nucleotide variant,Likely benign,,X,103777073,103777073
NM_000533.5(PLP1):c.517C>A (p.Pro173Thr),single nucleotide variant,Uncertain significance,,X,103787861,103787861
NM_000533.5(PLP1):c.453+55C>T,single nucleotide variant,Likely benign,,X,103786781,103786781
NM_000533.5(PLP1):c.83G>A (p.Gly28Glu),single nucleotide variant,Likely pathogenic,,X,103785660,103785660
GRCh37/hg19 Xq12-28(chrX:67292994-155240074)x3,copy number gain,Pathogenic,,,,
NM_000533.5(PLP1):c.597T>C (p.Ser199=),single nucleotide variant,Likely benign,,X,103787941,103787941
NM_000533.5(PLP1):c.261G>A (p.Leu87=),single nucleotide variant,Likely benign,,X,103786534,103786534
NM_000533.5(PLP1):c.454-15T>C,single nucleotide variant,Likely benign,,X,103787783,103787783
NM_000533.5(PLP1):c.453+9C>T,single nucleotide variant,Likely benign,,X,103786735,103786735
NM_000533.5(PLP1):c.533T>G (p.Phe178Cys),single nucleotide variant,Uncertain significance,,X,103787877,103787877
NM_000533.5(PLP1):c.248G>A (p.Gly83Glu),single nucleotide variant,Uncertain significance,,X,103786521,103786521
NM_000533.5(PLP1):c.622+8A>G,single nucleotide variant,Likely benign,,X,103787974,103787974
NM_000533.5(PLP1):c.12A>G (p.Leu4=),single nucleotide variant,Likely benign,,X,103785589,103785589
NM_000533.5(PLP1):c.5-13dup,Duplication,Likely benign,,X,103785567,103785568
NM_000533.5(PLP1):c.762+9A>G,single nucleotide variant,Likely benign,,X,103789407,103789407
NM_000533.5(PLP1):c.138A>G (p.Leu46=),single nucleotide variant,Likely benign,,X,103785715,103785715
NM_000533.5(PLP1):c.5-15C>G,single nucleotide variant,Benign,,X,103785567,103785567
NM_000533.5(PLP1):c.801C>T (p.Val267=),single nucleotide variant,Likely benign,,X,103790565,103790565
NM_000533.5(PLP1):c.282C>T (p.Thr94=),single nucleotide variant,Likely benign,,X,103786555,103786555
NM_000533.5(PLP1):c.426G>A (p.Leu142=),single nucleotide variant,Likely benign,,X,103786699,103786699
NM_000533.5(PLP1):c.99T>C (p.Cys33=),single nucleotide variant,Likely benign,,X,103785676,103785676
NM_000533.5(PLP1):c.453+43del,Deletion,Benign,,X,103786765,103786765
NM_000533.5(PLP1):c.120C>G (p.Leu40=),single nucleotide variant,Likely benign,,X,103785697,103785697
NM_000533.5(PLP1):c.475C>T (p.Leu159=),single nucleotide variant,Likely benign,,X,103787819,103787819
NM_000533.5(PLP1):c.259C>T (p.Leu87=),single nucleotide variant,Likely benign,,X,103786532,103786532
NM_000533.5(PLP1):c.453+44A>G,single nucleotide variant,Likely benign,,X,103786770,103786770
NM_000533.5(PLP1):c.191+19A>T,single nucleotide variant,Benign,,X,103785787,103785787
NM_000533.5(PLP1):c.454-16A>C,single nucleotide variant,Likely benign,,X,103787782,103787782
NM_000533.5(PLP1):c.651C>T (p.Gly217=),single nucleotide variant,Likely benign,,X,103788465,103788465
NM_000533.5(PLP1):c.623-19C>T,single nucleotide variant,Likely benign,,X,103788418,103788418
NM_000533.5(PLP1):c.5-6C>T,single nucleotide variant,Likely benign,,X,103785576,103785576
NM_000533.5(PLP1):c.327C>T (p.Cys109=),single nucleotide variant,Likely benign,,X,103786600,103786600
NM_000533.5(PLP1):c.120C>T (p.Leu40=),single nucleotide variant,Likely benign,,X,103785697,103785697
NM_000533.5(PLP1):c.198T>C (p.His66=),single nucleotide variant,Benign,,X,103786471,103786471
NM_000533.5(PLP1):c.5-8T>C,single nucleotide variant,Likely benign,,X,103785574,103785574
NM_000533.5(PLP1):c.615A>G (p.Arg205=),single nucleotide variant,Benign,,X,103787959,103787959
NM_000533.5(PLP1):c.696+17G>T,single nucleotide variant,Likely benign,,X,103788527,103788527
NM_000533.5(PLP1):c.4+16T>C,single nucleotide variant,Likely benign,,X,103777015,103777015
NM_000533.5(PLP1):c.697-12A>C,single nucleotide variant,Likely benign,,X,103789321,103789321
NM_000533.5(PLP1):c.361C>T (p.Gln121Ter),single nucleotide variant,Pathogenic,,X,103786634,103786634
NM_000533.5(PLP1):c.735G>C (p.Val245=),single nucleotide variant,Likely benign,,X,103789371,103789371
NM_000533.5(PLP1):c.279C>A (p.Thr93=),single nucleotide variant,Likely benign,,X,103786552,103786552
NM_000533.5(PLP1):c.795T>C (p.Phe265=),single nucleotide variant,Likely benign,,X,103790559,103790559
NM_000533.5(PLP1):c.192-9T>A,single nucleotide variant,Likely benign,,X,103786456,103786456
NM_000533.5(PLP1):c.5-17C>T,single nucleotide variant,Likely benign,,X,103785565,103785565
NM_000533.5(PLP1):c.101G>T (p.Gly34Val),single nucleotide variant,Benign,,X,103785678,103785678
NM_000533.5(PLP1):c.406G>T (p.Glu136Ter),single nucleotide variant,Pathogenic,,X,103786679,103786679
NM_000533.5(PLP1):c.63C>T (p.Ala21=),single nucleotide variant,Benign,,X,103785640,103785640
NM_000533.5(PLP1):c.39G>C (p.Gly13=),single nucleotide variant,Likely benign,,X,103785616,103785616
NM_000533.5(PLP1):c.454-16A>G,single nucleotide variant,Likely benign,,X,103787782,103787782
NM_000533.5(PLP1):c.708C>T (p.Thr236=),single nucleotide variant,Likely benign,,X,103789344,103789344
NM_000533.5(PLP1):c.5G>A (p.Gly2Asp),single nucleotide variant,Uncertain significance,,X,103785582,103785582
NM_000533.5(PLP1):c.453+8T>C,single nucleotide variant,Conflicting classifications of pathogenicity,,X,103786734,103786734
NM_000533.5(PLP1):c.766A>C (p.Thr256Pro),single nucleotide variant,Uncertain significance,,X,103790530,103790530
NM_000533.5(PLP1):c.642T>C (p.Ala214=),single nucleotide variant,Likely benign,,X,103788456,103788456
NM_000533.5(PLP1):c.192-10G>A,single nucleotide variant,Likely benign,,X,103786455,103786455
NM_000533.5(PLP1):c.408G>A (p.Glu136=),single nucleotide variant,Likely benign,,X,103786681,103786681
NM_000533.5(PLP1):c.608A>G (p.Asp203Gly),single nucleotide variant,Likely pathogenic,,X,103787952,103787952
NM_000533.5(PLP1):c.763-16C>T,single nucleotide variant,Likely benign,,X,103790511,103790511
NM_000533.5(PLP1):c.30T>C (p.Cys10=),single nucleotide variant,Likely benign,,X,103785607,103785607
NM_000533.5(PLP1):c.453+16A>G,single nucleotide variant,Likely benign,,X,103786742,103786742
NM_000533.5(PLP1):c.586A>G (p.Ser196Gly),single nucleotide variant,Benign,,X,103787930,103787930
NM_000533.5(PLP1):c.312C>T (p.Tyr104=),single nucleotide variant,Likely benign,,X,103786585,103786585
NM_000533.5(PLP1):c.267G>A (p.Glu89=),single nucleotide variant,Likely benign,,X,103786540,103786540
NM_000533.5(PLP1):c.531C>T (p.Tyr177=),single nucleotide variant,Likely benign,,X,103787875,103787875
NM_000533.5(PLP1):c.744A>T (p.Ala248=),single nucleotide variant,Likely benign,,X,103789380,103789380
NM_000533.5(PLP1):c.279C>T (p.Thr93=),single nucleotide variant,Likely benign,,X,103786552,103786552
NM_000533.5(PLP1):c.5-9C>G,single nucleotide variant,Benign,,X,103785573,103785573
NM_000533.5(PLP1):c.798C>T (p.Ala266=),single nucleotide variant,Benign,,X,103790562,103790562
NM_000533.5(PLP1):c.697-12A>G,single nucleotide variant,Likely benign,,X,103789321,103789321
NM_000533.5(PLP1):c.460G>A (p.Gly154Ser),single nucleotide variant,Benign/Likely benign,,X,103787804,103787804
NM_000533.5(PLP1):c.623-13G>T,single nucleotide variant,Benign,,X,103788424,103788424
NM_000533.5(PLP1):c.237C>T (p.Phe79=),single nucleotide variant,Likely benign,,X,103786510,103786510
NM_000533.5(PLP1):c.176_177dup (p.Tyr60fs),Duplication,Pathogenic,,X,103785751,103785752
NM_000533.5(PLP1):c.206A>C (p.Gln69Pro),single nucleotide variant,Uncertain significance,,X,103786479,103786479
GRCh37/hg19 Xq22.2(chrX:103038361-103312921)x2,copy number gain,Uncertain significance,,,,
GRCh37/hg19 Xq21.31-25(chrX:91274467-126799984)x1,copy number loss,Pathogenic,,,,
GRCh37/hg19 Xq21.33-22.3(chrX:96349060-106950847)x3,copy number gain,Pathogenic,,,,
GRCh37/hg19 Xq21.1-24(chrX:77212972-118576590)x3,copy number gain,Pathogenic,,,,
NM_000533.5(PLP1):c.251C>T (p.Ala84Val),single nucleotide variant,Uncertain significance,,X,103786524,103786524
NM_000533.5(PLP1):c.613A>G (p.Arg205Gly),single nucleotide variant,Likely pathogenic,,X,103787957,103787957
NM_000533.5(PLP1):c.453+123C>T,single nucleotide variant,Likely benign,,X,103786849,103786849
NM_001128834.3(PLP1):c.-143-51C>T,single nucleotide variant,Likely benign,,X,103776802,103776802
NM_000533.5(PLP1):c.308A>G (p.Asp103Gly),single nucleotide variant,Uncertain significance,,X,103786581,103786581
NM_000533.5(PLP1):c.410G>A (p.Arg137Gln),single nucleotide variant,Uncertain significance,,X,103786683,103786683
NM_000533.5(PLP1):c.191+6T>C,single nucleotide variant,Uncertain significance,,X,103785774,103785774
NM_000533.5(PLP1):c.454-1G>A,single nucleotide variant,Pathogenic,,X,103787797,103787797
NM_000533.5(PLP1):c.789C>G (p.Tyr263Ter),single nucleotide variant,Likely pathogenic,,X,103790553,103790553
NM_000533.5(PLP1):c.4G>C (p.Gly2Arg),single nucleotide variant,Uncertain significance,,X,103776999,103776999
NM_000533.5(PLP1):c.749C>T (p.Thr250Ile),single nucleotide variant,Uncertain significance,,X,103789385,103789385
GRCh37/hg19 Xp22.33-q28(chrX:200855-155240074),copy number gain,Pathogenic,,,,
NM_000533.5(PLP1):c.229T>C (p.Ser77Pro),single nucleotide variant,Uncertain significance,,X,103786502,103786502
NM_000533.5(PLP1):c.653A>G (p.Lys218Arg),single nucleotide variant,Uncertain significance,,X,103788467,103788467
NM_000533.5(PLP1):c.505T>C (p.Cys169Arg),single nucleotide variant,Likely pathogenic,,X,103787849,103787849
NM_000533.5(PLP1):c.347C>G (p.Thr116Arg),single nucleotide variant,Uncertain significance,,X,103786620,103786620
NM_000533.5(PLP1):c.4+5G>A,single nucleotide variant,Uncertain significance,,X,103777004,103777004
NC_000023.10:g.(?_103040922)_(103042832_?)del,Deletion,Pathogenic,,,,
NC_000023.10:g.(?_103031924)_(103040717_?)dup,Duplication,Uncertain significance,,,,
NC_000023.10:g.(?_103042707)_(103045526_?)del,Deletion,Pathogenic,,,,
NC_000023.10:g.(?_103031924)_(103045526_?)del,Deletion,Pathogenic,,,,
NM_000533.5(PLP1):c.564C>T (p.Ala188=),single nucleotide variant,Likely benign,,X,103787908,103787908
NM_000533.5(PLP1):c.345A>G (p.Ala115=),single nucleotide variant,Likely benign,,X,103786618,103786618
NM_000533.5(PLP1):c.546C>T (p.Thr182=),single nucleotide variant,Likely benign,,X,103787890,103787890
NM_000533.5(PLP1):c.561T>G (p.Ile187Met),single nucleotide variant,Uncertain significance,,X,103787905,103787905
NM_000533.5(PLP1):c.416G>A (p.Cys139Tyr),single nucleotide variant,Uncertain significance,,X,103786689,103786689
NM_000533.5(PLP1):c.409C>G (p.Arg137Gly),single nucleotide variant,Conflicting classifications of pathogenicity,,X,103786682,103786682
NM_000533.5(PLP1):c.623G>A (p.Gly208Asp),single nucleotide variant,Uncertain significance,,X,103788437,103788437
NM_000533.5(PLP1):c.486G>A (p.Val162=),single nucleotide variant,Likely benign,,X,103787830,103787830
NM_000533.5(PLP1):c.698T>C (p.Phe233Ser),single nucleotide variant,Uncertain significance,,X,103789334,103789334
NM_000533.5(PLP1):c.697-1G>A,single nucleotide variant,Pathogenic,,X,103789332,103789332
NM_000533.5(PLP1):c.674T>C (p.Leu225Pro),single nucleotide variant,Conflicting classifications of pathogenicity,,X,103788488,103788488
NM_000533.5(PLP1):c.670C>T (p.Leu224Phe),single nucleotide variant,Pathogenic,,X,103788484,103788484
NM_000533.5(PLP1):c.446C>T (p.Pro149Leu),single nucleotide variant,Uncertain significance,,X,103786719,103786719
NM_000533.5(PLP1):c.584C>T (p.Ala195Val),single nucleotide variant,Uncertain significance,,X,103787928,103787928
NM_000533.5(PLP1):c.378C>T (p.Ser126=),single nucleotide variant,Conflicting classifications of pathogenicity,,X,103786651,103786651
NM_000533.5(PLP1):c.736G>C (p.Gly246Arg),single nucleotide variant,Uncertain significance,,X,103789372,103789372
NM_000533.5(PLP1):c.116C>A (p.Ala39Asp),single nucleotide variant,Uncertain significance,,X,103785693,103785693
NM_000533.5(PLP1):c.680T>A (p.Ile227Asn),single nucleotide variant,Uncertain significance,,X,103788494,103788494
NM_000533.5(PLP1):c.453+43G>A,single nucleotide variant,Likely benign,,X,103786769,103786769
NM_000533.5(PLP1):c.95T>C (p.Phe32Ser),single nucleotide variant,Uncertain significance,,X,103785672,103785672
NM_000533.5(PLP1):c.388C>A (p.His130Asn),single nucleotide variant,Uncertain significance,,X,103786661,103786661
NM_000533.5(PLP1):c.5-14T>C,single nucleotide variant,Benign,,X,103785568,103785568
NM_000533.5(PLP1):c.583G>T (p.Ala195Ser),single nucleotide variant,Uncertain significance,,X,103787927,103787927
NM_000533.5(PLP1):c.669C>A (p.Asn223Lys),single nucleotide variant,Uncertain significance,,X,103788483,103788483
NM_000533.5(PLP1):c.588dup (p.Ile197fs),Duplication,Pathogenic,,X,103787931,103787932
NM_000533.5(PLP1):c.489G>C (p.Trp163Cys),single nucleotide variant,Uncertain significance,,X,103787833,103787833
NM_000533.5(PLP1):c.578C>A (p.Thr193Asn),single nucleotide variant,Conflicting classifications of pathogenicity,,X,103787922,103787922
NM_000533.5(PLP1):c.180T>G (p.Tyr60Ter),single nucleotide variant,Pathogenic,,X,103785757,103785757
NM_000533.5(PLP1):c.435G>A (p.Trp145Ter),single nucleotide variant,Pathogenic,,X,103786708,103786708
NM_000533.5(PLP1):c.669C>T (p.Asn223=),single nucleotide variant,Likely benign,,X,103788483,103788483
NM_000533.5(PLP1):c.43C>T (p.Pro15Ser),single nucleotide variant,Uncertain significance,,X,103785620,103785620
NM_000533.5(PLP1):c.553C>T (p.Gln185Ter),single nucleotide variant,Pathogenic,,X,103787897,103787897
NM_000533.5(PLP1):c.5-1G>A,single nucleotide variant,Likely pathogenic,,X,103785581,103785581
NM_000533.5(PLP1):c.5-12C>T,single nucleotide variant,Likely benign,,X,103785570,103785570
NM_000533.5(PLP1):c.541T>G (p.Trp181Gly),single nucleotide variant,Uncertain significance,,X,103787885,103787885
NM_000533.5(PLP1):c.123T>G (p.Thr41=),single nucleotide variant,Likely benign,,X,103785700,103785700
NM_000533.5(PLP1):c.142_152del (p.Glu48fs),Deletion,Pathogenic,,X,103785717,103785727
NM_000533.5(PLP1):c.480C>T (p.Thr160=),single nucleotide variant,Likely benign,,X,103787824,103787824
NM_000533.5(PLP1):c.754del (p.Val252fs),Deletion,Pathogenic/Likely pathogenic,,X,103789389,103789389
Single allele,Complex,Uncertain significance,,X,103734669,104059025
NM_000533.5(PLP1):c.565T>C (p.Phe189Leu),single nucleotide variant,Uncertain significance,,X,103787909,103787909
GRCh37/hg19 Xq22.2(chrX:103017429-103236332)x3,copy number gain,Pathogenic,,,,
GRCh37/hg19 Xq21.33-24(chrX:93805850-118913329)x1,copy number loss,Pathogenic,,,,
NM_000533.5(PLP1):c.285C>G (p.Gly95=),single nucleotide variant,Likely benign,,X,103786558,103786558
NM_000533.5(PLP1):c.110A>C (p.His37Pro),single nucleotide variant,Conflicting classifications of pathogenicity,,X,103785687,103785687
NM_000533.5(PLP1):c.672_674del (p.Leu225del),Deletion,Uncertain significance,,X,103788484,103788486
NM_000533.5(PLP1):c.429A>G (p.Gly143=),single nucleotide variant,Likely benign,,X,103786702,103786702
NM_000533.5(PLP1):c.4+4A>C,single nucleotide variant,Uncertain significance,,X,103777003,103777003
NM_000533.5(PLP1):c.169G>A (p.Asp57Asn),single nucleotide variant,Uncertain significance,,X,103785746,103785746
GRCh37/hg19 Xq21.1-24(chrX:76794355-119282836)x3,copy number gain,Pathogenic,,,,
GRCh37/hg19 Xp22.2-q28(chrX:11522765-155233731)x1,copy number loss,Pathogenic,,,,
GRCh37/hg19 Xq21.1-28(chrX:77670699-155233731)x1,copy number loss,Pathogenic,,,,
GRCh37/hg19 Xp22.33-q28(chrX:61545-155226048)x2,copy number gain,Pathogenic,,,,
NM_000533.5(PLP1):c.829T>C (p.Phe277Leu),single nucleotide variant,Uncertain significance,,X,103790593,103790593
NM_000533.5(PLP1):c.226G>C (p.Ala76Pro),single nucleotide variant,Likely pathogenic,,X,103786499,103786499
NM_000533.5(PLP1):c.454-10A>G,single nucleotide variant,Pathogenic,,X,103787788,103787788
NM_000533.5(PLP1):c.354del (p.Gly120fs),Deletion,Pathogenic,,X,103786627,103786627
NM_000533.5(PLP1):c.733G>T (p.Val245Leu),single nucleotide variant,Uncertain significance,,X,103789369,103789369
NM_000533.5(PLP1):c.74G>T (p.Cys25Phe),single nucleotide variant,Uncertain significance,,X,103785651,103785651
NM_000533.5(PLP1):c.665C>G (p.Ser222Cys),single nucleotide variant,Pathogenic,,X,103788479,103788479
NM_001128834.3(PLP1):c.-144+6C>A,single nucleotide variant,Uncertain significance,,X,103776653,103776653
NM_000533.5(PLP1):c.64A>C (p.Thr22Pro),single nucleotide variant,Uncertain significance,,X,103785641,103785641
NM_000533.5(PLP1):c.306C>T (p.Gly102=),single nucleotide variant,Likely benign,,X,103786579,103786579
NM_000533.5(PLP1):c.763-17_763-14del,Deletion,Likely benign,,X,103790510,103790513
NM_000533.5(PLP1):c.666C>T (p.Ser222=),single nucleotide variant,Benign/Likely benign,,X,103788480,103788480
NM_000533.5(PLP1):c.191+17C>T,single nucleotide variant,Benign,,X,103785785,103785785
NM_000533.5(PLP1):c.622+14C>T,single nucleotide variant,Likely benign,,X,103787980,103787980
NM_000533.5(PLP1):c.763-20C>A,single nucleotide variant,Benign,,X,103790507,103790507
NM_000533.5(PLP1):c.18C>T (p.Cys6=),single nucleotide variant,Likely benign,,X,103785595,103785595
NM_000533.5(PLP1):c.549C>A (p.Thr183=),single nucleotide variant,Benign,,X,103787893,103787893
NM_000533.5(PLP1):c.342C>T (p.Ser114=),single nucleotide variant,Likely benign,,X,103786615,103786615
NM_000533.5(PLP1):c.318C>T (p.Thr106=),single nucleotide variant,Likely benign,,X,103786591,103786591
NM_000533.5(PLP1):c.357G>C (p.Gly119=),single nucleotide variant,Likely benign,,X,103786630,103786630
NM_000533.5(PLP1):c.5-10T>A,single nucleotide variant,Likely benign,,X,103785572,103785572
NM_000533.5(PLP1):c.191+19A>G,single nucleotide variant,Likely benign,,X,103785787,103785787
NM_000533.5(PLP1):c.453+37G>T,single nucleotide variant,Likely benign,,X,103786763,103786763
NM_000533.5(PLP1):c.291C>G (p.Val97=),single nucleotide variant,Likely benign,,X,103786564,103786564
NM_000533.5(PLP1):c.192-19T>A,single nucleotide variant,Likely benign,,X,103786446,103786446
NM_000533.5(PLP1):c.579C>T (p.Thr193=),single nucleotide variant,Benign/Likely benign,,X,103787923,103787923
GRCh37/hg19 Xq22.2-22.3(chrX:103046942-104214535)x1,copy number loss,Likely pathogenic,,,,
GRCh37/hg19 Xq22.1-22.2(chrX:102582446-103203574)x3,copy number gain,Pathogenic,,,,
GRCh37/hg19 Xq22.1-24(chrX:101982475-116885339)x3,copy number gain,Pathogenic,,,,
NM_000533.5(PLP1):c.736G>A (p.Gly246Arg),single nucleotide variant,Conflicting classifications of pathogenicity,,X,103789372,103789372
NM_000533.5(PLP1):c.464T>A (p.Ile155Asn),single nucleotide variant,Conflicting classifications of pathogenicity,,X,103787808,103787808
NM_000533.5(PLP1):c.788_794del (p.Tyr263fs),Deletion,Uncertain significance,,X,103790548,103790554
NM_000533.5(PLP1):c.734T>A (p.Val245Glu),single nucleotide variant,Uncertain significance,,X,103789370,103789370
NM_000533.5(PLP1):c.649G>A (p.Gly217Ser),single nucleotide variant,Uncertain significance,,X,103788463,103788463
NM_000533.5(PLP1):c.453+1G>T,single nucleotide variant,Likely pathogenic,,X,103786727,103786727
NM_000533.5(PLP1):c.98G>T (p.Cys33Phe),single nucleotide variant,Uncertain significance,,X,103785675,103785675
NM_000533.5(PLP1):c.202T>C (p.Phe68Leu),single nucleotide variant,Uncertain significance,,X,103786475,103786475
NM_000533.5(PLP1):c.205C>T (p.Gln69Ter),single nucleotide variant,Pathogenic,,X,103786478,103786478
NC_000023.10:g.(?_103031003)_(103031929_?)del,Deletion,Pathogenic,,,,
NM_000533.5(PLP1):c.194T>A (p.Ile65Asn),single nucleotide variant,Uncertain significance,,X,103786467,103786467
NM_000533.5(PLP1):c.614G>A (p.Arg205Lys),single nucleotide variant,Uncertain significance,,X,103787958,103787958
NM_000533.5(PLP1):c.634T>C (p.Trp212Arg),single nucleotide variant,Conflicting classifications of pathogenicity,,X,103788448,103788448
NM_000533.5(PLP1):c.548C>A (p.Thr183Asn),single nucleotide variant,Conflicting classifications of pathogenicity,,X,103787892,103787892
NM_000533.5(PLP1):c.416_417del (p.Cys139fs),Microsatellite,Pathogenic,,X,103786685,103786686
NM_000533.5(PLP1):c.428del (p.Gly143fs),Deletion,Pathogenic,,X,103786699,103786699
NM_000533.5(PLP1):c.785C>G (p.Thr262Ser),single nucleotide variant,Uncertain significance,,X,103790549,103790549
NM_000533.5(PLP1):c.340A>G (p.Ser114Gly),single nucleotide variant,Uncertain significance,,X,103786613,103786613
NM_000533.5(PLP1):c.4+1G>A,single nucleotide variant,Pathogenic,,X,103777000,103777000
NM_000533.5(PLP1):c.763C>T (p.Leu255Phe),single nucleotide variant,Uncertain significance,,X,103790527,103790527
NM_000533.5(PLP1):c.442C>T (p.His148Tyr),single nucleotide variant,Pathogenic/Likely pathogenic,,X,103786715,103786715
NM_000533.5(PLP1):c.436C>T (p.Leu146=),single nucleotide variant,Conflicting classifications of pathogenicity,,X,103786709,103786709
NM_000533.5(PLP1):c.245A>G (p.Tyr82Cys),single nucleotide variant,Uncertain significance,,X,103786518,103786518
NM_000533.5(PLP1):c.610G>A (p.Ala204Thr),single nucleotide variant,Uncertain significance,,X,103787954,103787954
GRCh37/hg19 Xp22.33-q28(chrX:168546-155233731)x1,copy number loss,Pathogenic,,,,
GRCh37/hg19 Xp22.33-q28(chrX:168546-155233731)x3,copy number gain,Pathogenic,,,,
NM_000533.5(PLP1):c.762+1G>A,single nucleotide variant,Uncertain significance,,X,103789399,103789399
NM_000533.5(PLP1):c.193A>G (p.Ile65Val),single nucleotide variant,Uncertain significance,,X,103786466,103786466
NM_000533.5(PLP1):c.684C>A (p.Cys228Ter),single nucleotide variant,Pathogenic,,X,103788498,103788498
NM_000533.5(PLP1):c.543G>C (p.Trp181Cys),single nucleotide variant,Uncertain significance,,X,103787887,103787887
NM_000533.5(PLP1):c.387A>T (p.Gln129His),single nucleotide variant,Uncertain significance,,X,103786660,103786660
NM_000533.5(PLP1):c.194T>G (p.Ile65Ser),single nucleotide variant,Uncertain significance,,X,103786467,103786467
NM_000533.5(PLP1):c.622+28C>G,single nucleotide variant,Benign/Likely benign,,X,103787994,103787994
NM_000533.5(PLP1):c.91C>G (p.Leu31Val),single nucleotide variant,Uncertain significance,,X,103785668,103785668
NM_000533.5(PLP1):c.328G>T (p.Gly110Cys),single nucleotide variant,Uncertain significance,,X,103786601,103786601
NM_000533.5(PLP1):c.742G>A (p.Ala248Thr),single nucleotide variant,Uncertain significance,,X,103789378,103789378
NM_000533.5(PLP1):c.328G>A (p.Gly110Ser),single nucleotide variant,Uncertain significance,,X,103786601,103786601
NM_000533.5(PLP1):c.319A>G (p.Thr107Ala),single nucleotide variant,Uncertain significance,,X,103786592,103786592
NM_000533.5(PLP1):c.454-371G>A,single nucleotide variant,Benign,,X,103787427,103787427
NM_000533.5(PLP1):c.622+235A>G,single nucleotide variant,Benign,,X,103788201,103788201
NM_000533.5(PLP1):c.*102C>T,single nucleotide variant,Benign,,X,103790700,103790700
NM_001128834.3(PLP1):c.-143-78dup,Duplication,Benign,,X,103776772,103776773
NM_000533.5(PLP1):c.696+295T>G,single nucleotide variant,Benign,,X,103788805,103788805
NM_000533.5(PLP1):c.454-463G>A,single nucleotide variant,Benign,,X,103787335,103787335
GRCh37/hg19 Xq21.32-23(chrX:91829757-113050225)x1,copy number loss,Pathogenic,,,,
NM_000533.5(PLP1):c.347C>T (p.Thr116Met),single nucleotide variant,Uncertain significance,,X,103786620,103786620
NM_001128834.3(PLP1):c.-143-77_-143-68del,Deletion,Likely benign,,X,103776775,103776784
NM_000533.5(PLP1):c.453+416T>G,single nucleotide variant,Likely benign,,X,103787142,103787142
NM_000533.5(PLP1):c.423_426del (p.Cys141fs),Deletion,Likely pathogenic,,X,103786693,103786696
GRCh37/hg19 Xp22.33-q28(chrX:60000-155234966)x1,copy number loss,Pathogenic,,,,
NM_000533.5(PLP1):c.370A>T (p.Arg124Trp),single nucleotide variant,Uncertain significance,,X,103786643,103786643
Single allele,Duplication,Pathogenic,,,,
NC_000023.10:g.(?_103031924)_(103045526_?)dup,Duplication,Pathogenic,,,,
NM_000533.5(PLP1):c.647C>T (p.Pro216Leu),single nucleotide variant,Likely pathogenic,,X,103788461,103788461
NM_000533.5(PLP1):c.670C>A (p.Leu224Ile),single nucleotide variant,Likely pathogenic,,X,103788484,103788484
NM_000533.5(PLP1):c.454-20C>A,single nucleotide variant,Uncertain significance,,X,103787778,103787778
NM_000533.5(PLP1):c.21T>A (p.Cys7Ter),single nucleotide variant,Pathogenic,,X,103785598,103785598
NM_000533.5(PLP1):c.232TTC[2] (p.Phe80del),Microsatellite,Conflicting classifications of pathogenicity,,X,103786505,103786507
NM_000533.5(PLP1):c.788A>G (p.Tyr263Cys),single nucleotide variant,Uncertain significance,,X,103790552,103790552
NM_000533.5(PLP1):c.594C>A (p.Gly198=),single nucleotide variant,Benign/Likely benign,,X,103787938,103787938
NM_000533.5(PLP1):c.454-319C>A,single nucleotide variant,Uncertain significance,,X,103787479,103787479
NM_000533.5(PLP1):c.661G>A (p.Gly221Ser),single nucleotide variant,Uncertain significance,,X,103788475,103788475
NM_000533.5(PLP1):c.254T>A (p.Leu85His),single nucleotide variant,Uncertain significance,,X,103786527,103786527
GRCh37/hg19 Xp11.21-q28(chrX:56469080-155233731)x3,copy number gain,Pathogenic,,,,
NM_000533.5(PLP1):c.27_34dup (p.Val12fs),Duplication,Pathogenic,,X,103785602,103785603
NM_000533.5(PLP1):c.696+1G>A,single nucleotide variant,Pathogenic/Likely pathogenic,,X,103788511,103788511
GRCh37/hg19 Xp11.21-q28(chrX:55507789-155198481)x3,copy number gain,Pathogenic,,,,
NM_000533.5(PLP1):c.25A>T (p.Arg9Ter),single nucleotide variant,Likely pathogenic,,X,103785602,103785602
GRCh37/hg19 Xq21.33-28(chrX:94264404-155233731)x1,copy number loss,Pathogenic,,,,
GRCh37/hg19 Xq21.1-25(chrX:77514079-127770854)x1,copy number loss,Pathogenic,,,,
NM_000533.5(PLP1):c.763-3C>T,single nucleotide variant,Uncertain significance,,X,103790524,103790524
NM_000533.5(PLP1):c.454-314T>G,single nucleotide variant,Pathogenic,,X,103787484,103787484
NM_000533.5(PLP1):c.441A>T (p.Gly147=),single nucleotide variant,Pathogenic/Likely pathogenic,,X,103786714,103786714
NM_000533.5(PLP1):c.157A>C (p.Lys53Gln),single nucleotide variant,Uncertain significance,,X,103785734,103785734
NM_000533.5(PLP1):c.85G>T (p.Val29Leu),single nucleotide variant,Uncertain significance,,X,103785662,103785662
NM_000533.5(PLP1):c.743C>A (p.Ala248Glu),single nucleotide variant,Likely pathogenic,,X,103789379,103789379
NM_000533.5(PLP1):c.173A>G (p.Tyr58Cys),single nucleotide variant,Pathogenic/Likely pathogenic,,X,103785750,103785750
GRCh37/hg19 Xq22.2(chrX:103031924-103044327)x1,copy number loss,Pathogenic,,,,
NM_000533.5(PLP1):c.543_551del (p.Trp181_Thr183del),Deletion,Likely pathogenic,,X,103787881,103787889
NM_000533.5(PLP1):c.560T>G (p.Ile187Ser),single nucleotide variant,Uncertain significance,,X,103787904,103787904
NC_000023.10:g.(?_102831398)_(103220942_?)dup,Duplication,Pathogenic,,,,
NC_000023.10:g.102632399_103221016del,Deletion,Pathogenic,,,,
NM_000533.5(PLP1):c.712_713insTGCAGTTCCAAATG (p.His238fs),Insertion,Pathogenic/Likely pathogenic,,X,103789348,103789349
NM_000533.5(PLP1):c.739del (p.Ala247fs),Deletion,Likely pathogenic,,X,103789371,103789371
NM_000533.5(PLP1):c.454-312C>G,single nucleotide variant,not provided,,X,103787486,103787486
NM_000533.5(PLP1):c.453+164G>A,single nucleotide variant,Likely pathogenic,,X,103786890,103786890
NM_000533.5(PLP1):c.453+159G>A,single nucleotide variant,Pathogenic,,X,103786885,103786885
NM_000533.5(PLP1):c.709T>G (p.Phe237Val),single nucleotide variant,Likely pathogenic,,X,103789345,103789345
GRCh37/hg19 Xq22.2(chrX:102742391-103109211)x2,copy number gain,Pathogenic,,,,
GRCh37/hg19 Xq21.1-28(chrX:84387417-155233731)x1,copy number loss,Pathogenic,,,,
GRCh37/hg19 Xq21.1-28(chrX:78444738-155233731)x1,copy number loss,Pathogenic,,,,
NM_000533.5(PLP1):c.410G>T (p.Arg137Leu),single nucleotide variant,Likely pathogenic,,X,103786683,103786683
NM_000533.5(PLP1):c.551G>A (p.Cys184Tyr),single nucleotide variant,Likely pathogenic,,X,103787895,103787895
NM_000533.5(PLP1):c.295C>T (p.Gln99Ter),single nucleotide variant,Pathogenic,,X,103786568,103786568
NM_000533.5(PLP1):c.15G>A (p.Glu5=),single nucleotide variant,Likely benign,,X,103785592,103785592
NM_000533.5(PLP1):c.606T>C (p.Ala202=),single nucleotide variant,Likely benign,,X,103787950,103787950
NM_000533.5(PLP1):c.799G>A (p.Val267Ile),single nucleotide variant,Likely benign,,X,103790563,103790563
NM_000533.5(PLP1):c.255C>T (p.Leu85=),single nucleotide variant,Likely benign,,X,103786528,103786528
NM_000533.5(PLP1):c.246T>C (p.Tyr82=),single nucleotide variant,Likely benign,,X,103786519,103786519
NM_000533.5(PLP1):c.5-1636_5-1619dup,Duplication,Benign,,X,103783933,103783934
NM_000533.5(PLP1):c.5-3598del,Deletion,Benign,,X,103781982,103781982
GRCh37/hg19 Xq22.1-22.2(chrX:102543473-103398234)x0,copy number loss,Uncertain significance,,,,
GRCh37/hg19 Xq22.2(chrX:102967297-103038606)x0,copy number loss,Pathogenic,,,,
GRCh37/hg19 Xq22.2(chrX:103029773-103036548)x1,copy number loss,Pathogenic,,,,
GRCh37/hg19 Xq22.2(chrX:103029773-103036548)x0,copy number loss,Pathogenic,,,,
GRCh37/hg19 Xq22.1-22.3(chrX:101029649-106702784)x1,copy number loss,Pathogenic,,,,
GRCh37/hg19 Xq22.1-22.3(chrX:102066350-105409822)x1,copy number loss,Pathogenic,,,,
GRCh37/hg19 Xq22.1-22.3(chrX:102436725-105520605)x1,copy number loss,Uncertain significance,,,,
GRCh37/hg19 Xq22.1-22.2(chrX:100866604-103411980)x1,copy number loss,Pathogenic,,,,
GRCh37/hg19 Xq22.2(chrX:102615641-103309503)x1,copy number loss,Pathogenic,,,,
GRCh37/hg19 Xq22.2(chrX:103038277-103311893)x3,copy number gain,Uncertain significance,,,,
GRCh37/hg19 Xp11.21-q28(chrX:54941868-155233731)x1,copy number loss,Uncertain significance,,,,
GRCh37/hg19 Xp11.1-q28(chrX:58455352-155233731)x1,copy number loss,Pathogenic,,,,
GRCh37/hg19 Xp22.33-q28(chrX:168546-155233731)x4,copy number gain,Pathogenic,,,,
GRCh37/hg19 Xq21.32-28(chrX:92814516-155233731)x1,copy number loss,Pathogenic,,,,
NM_000533.5(PLP1):c.192-69T>C,single nucleotide variant,Likely benign,,X,103786396,103786396
NM_000533.5(PLP1):c.5-111T>C,single nucleotide variant,Benign,,X,103785471,103785471
NM_000533.5(PLP1):c.763-304dup,Duplication,Benign,,X,103790220,103790221
NM_000533.5(PLP1):c.441A>C (p.Gly147=),single nucleotide variant,Uncertain significance,,X,103786714,103786714
NC_000023.10:g.(?_103031893)_(103045536_?)dup,Duplication,Pathogenic,,,,
NC_000023.10:g.(?_103031893)_(103045546_?)del,Deletion,Pathogenic,,,,
NM_000533.5(PLP1):c.4+1del,Deletion,Pathogenic,,X,103776998,103776998
NM_000533.5(PLP1):c.489G>A (p.Trp163Ter),single nucleotide variant,Pathogenic,,X,103787833,103787833
NM_000533.5(PLP1):c.104G>A (p.Cys35Tyr),single nucleotide variant,Likely pathogenic,,X,103785681,103785681
NM_000533.5(PLP1):c.250G>T (p.Ala84Ser),single nucleotide variant,Uncertain significance,,X,103786523,103786523
NM_000533.5(PLP1):c.35T>C (p.Val12Ala),single nucleotide variant,Uncertain significance,,X,103785612,103785612
NM_000533.5(PLP1):c.401C>T (p.Ser134Phe),single nucleotide variant,Uncertain significance,,X,103786674,103786674
GRCh37/hg19 Xq22.2(chrX:103032630-103328582)x2,copy number gain,Pathogenic,,,,
GRCh37/hg19 Xq22.2(chrX:102984836-103329001)x2,copy number gain,Pathogenic,,,,
GRCh37/hg19 Xq22.2(chrX:102767250-103236332)x2,copy number gain,Pathogenic,,,,
GRCh37/hg19 Xq22.2(chrX:102718261-103490112)x2,copy number gain,Pathogenic,,,,
GRCh37/hg19 Xq22.1-22.2(chrX:102463087-103281330)x3,copy number gain,Uncertain significance,,,,
GRCh37/hg19 Xq22.1-28(chrX:99324651-155233731)x1,copy number loss,Pathogenic,,,,
GRCh37/hg19 Xq21.31-28(chrX:91140025-155233731)x1,copy number loss,Pathogenic,,,,
NM_000533.5(PLP1):c.677C>G (p.Ser226Cys),single nucleotide variant,Uncertain significance,,X,103788491,103788491
NM_000533.5(PLP1):c.41C>A (p.Ala14Asp),single nucleotide variant,Uncertain significance,,X,103785618,103785618
NM_000533.5(PLP1):c.166C>T (p.Gln56Ter),single nucleotide variant,Pathogenic,,X,103785743,103785743
NM_000533.5(PLP1):c.518C>G (p.Pro173Arg),single nucleotide variant,Uncertain significance,,X,103787862,103787862
NC_000023.10:g.36649710_136649711del100000002insG,Indel,Pathogenic,,,,
NM_000533.5(PLP1):c.658T>G (p.Cys220Gly),single nucleotide variant,Likely pathogenic,,X,103788472,103788472
NC_000023.10:g.(?_103031893)_(103045546_?)dup,Duplication,Pathogenic,,,,
NM_000533.5(PLP1):c.415_418delinsAGT (p.Cys139fs),Indel,Pathogenic,,X,103786688,103786691
NM_000533.5(PLP1):c.485T>C (p.Val162Ala),single nucleotide variant,Uncertain significance,,X,103787829,103787829
NM_000533.5(PLP1):c.2T>G (p.Met1Arg),single nucleotide variant,Pathogenic,,X,103776997,103776997
NM_000533.5(PLP1):c.354_355del (p.Gly120fs),Deletion,Pathogenic/Likely pathogenic,,X,103786627,103786628
NM_000533.5(PLP1):c.453+2T>C,single nucleotide variant,Pathogenic/Likely pathogenic,,X,103786728,103786728
NM_000533.5(PLP1):c.617T>G (p.Met206Arg),single nucleotide variant,Likely pathogenic,,X,103787961,103787961
NM_000533.5(PLP1):c.453+1G>C,single nucleotide variant,Pathogenic,,X,103786727,103786727
NM_000533.5(PLP1):c.817C>T (p.Arg273Ter),single nucleotide variant,Pathogenic/Likely pathogenic,,X,103790581,103790581
Single allele,Duplication,Pathogenic,,X,1,156040895
NM_000533.5(PLP1):c.689C>G (p.Thr230Arg),single nucleotide variant,Uncertain significance,,X,103788503,103788503
NM_000533.5(PLP1):c.380G>C (p.Arg127Thr),single nucleotide variant,Uncertain significance,,X,103786653,103786653
NM_000533.5(PLP1):c.332A>C (p.Lys111Thr),single nucleotide variant,Uncertain significance,,X,103786605,103786605
NM_000533.5(PLP1):c.789C>A (p.Tyr263Ter),single nucleotide variant,Likely pathogenic,,X,103790553,103790553
GRCh37/hg19 Xp22.33-q28(chrX:168547-155233731),copy number gain,Pathogenic,,,,
GRCh37/hg19 Xp22.33-q23(chrX:168547-112474026)x1,copy number loss,Pathogenic,,,,
GRCh37/hg19 Xp21.2-q28(chrX:31088082-155233731)x1,copy number loss,Pathogenic,,,,
GRCh37/hg19 Xq21.31-23(chrX:86776682-114054291)x1,copy number loss,Pathogenic,,,,
GRCh37/hg19 Xp11.21-q28(chrX:56457791-155233731)x3,copy number gain,Pathogenic,,,,
GRCh37/hg19 Xq21.1-28(chrX:78230501-155233731)x1,copy number loss,Pathogenic,,,,
GRCh37/hg19 Xq21.33-28(chrX:96499476-151870013)x3,copy number gain,Uncertain significance,,,,
GRCh37/hg19 Xp22.33-q28(chrX:168547-151304063)x1,copy number loss,Pathogenic,,,,
GRCh37/hg19 Xq22.1-28(chrX:98495811-155233731)x1,copy number loss,Pathogenic,,,,
GRCh37/hg19 Xp11.21-q28(chrX:57415659-155233731)x3,copy number gain,Pathogenic,,,,
GRCh37/hg19 Xp11.21-q28(chrX:55000501-155230750)x3,copy number gain,Pathogenic,,,,
GRCh37/hg19 Xq21.31-28(chrX:86900388-155233731)x1,copy number loss,Pathogenic,,,,
GRCh37/hg19 Xp11.21-q28(chrX:57511767-155233731)x3,copy number gain,Pathogenic,,,,
GRCh37/hg19 Xq21.1-28(chrX:79862302-155233731)x1,copy number loss,Pathogenic,,,,
GRCh37/hg19 Xq13.3-24(chrX:74560735-116609286),copy number loss,Pathogenic,,,,
NM_000533.5(PLP1):c.687A>C (p.Lys229Asn),single nucleotide variant,Uncertain significance,,X,103788501,103788501
NM_000533.5(PLP1):c.696+8G>T,single nucleotide variant,Conflicting classifications of pathogenicity,,X,103788518,103788518
NM_000533.5(PLP1):c.453+3G>C,single nucleotide variant,Likely pathogenic,,X,103786729,103786729
NM_000533.5(PLP1):c.384_393del (p.Gln129fs),Deletion,Pathogenic,,X,103786657,103786666
NM_000533.5(PLP1):c.365A>G (p.Lys122Arg),single nucleotide variant,Likely pathogenic,,X,103786638,103786638
GRCh37/hg19 Xp22.2-q25(chrX:11692290-121187337)x2,copy number gain,Uncertain significance,,,,
NM_000533.5(PLP1):c.531C>A (p.Tyr177Ter),single nucleotide variant,Likely pathogenic,,X,103787875,103787875
NM_000533.5(PLP1):c.98G>A (p.Cys33Tyr),single nucleotide variant,Likely pathogenic,,X,103785675,103785675
NC_000023.10:g.(?_103031754)_(103047548_?)dup,Duplication,Pathogenic,,,,
NM_000533.5(PLP1):c.140T>C (p.Ile47Thr),single nucleotide variant,Likely pathogenic,,X,103785717,103785717
NM_000533.5(PLP1):c.701A>T (p.Gln234Leu),single nucleotide variant,Uncertain significance,,X,103789337,103789337
NM_000533.5(PLP1):c.175G>T (p.Glu59Ter),single nucleotide variant,Pathogenic,,X,103785752,103785752
GRCh37/hg19 Xp22.33-q28(chrX:70297-155246585)x1,copy number loss,Pathogenic,,,,
GRCh37/hg19 Xq22.1-22.2(chrX:99611312-103506684),copy number gain,Pathogenic,,,,
GRCh37/hg19 Xp22.33-q28(chrX:70297-155255792),copy number loss,Pathogenic,,,,
GRCh37/hg19 Xp22.33-q28(chrX:70297-155255792)x4,copy number gain,Pathogenic,,,,
GRCh37/hg19 Xq21.33-28(chrX:94043221-155246585)x1,copy number loss,Pathogenic,,,,
GRCh37/hg19 Xq21.33-26.1(chrX:95498487-129063677)x3,copy number gain,Pathogenic,,,,
GRCh37/hg19 Xp22.33-q28(chrX:60701-155246225)x3,copy number gain,Pathogenic,,,,
GRCh37/hg19 Xp22.33-q28(chrX:318707-155224707)x1,copy number loss,Pathogenic,,,,
GRCh37/hg19 Xq13.2-27.1(chrX:72224362-139262228)x4,copy number gain,Pathogenic,,,,
GRCh37/hg19 Xp22.33-q28(chrX:71267-155255792)x1,copy number loss,Pathogenic,,,,
NM_000533.5(PLP1):c.453G>A (p.Lys151=),single nucleotide variant,Pathogenic/Likely pathogenic,,X,103786726,103786726
NM_000533.5(PLP1):c.739G>A (p.Ala247Thr),single nucleotide variant,Conflicting classifications of pathogenicity,,X,103789375,103789375
NM_000533.5(PLP1):c.191+1G>T,single nucleotide variant,Pathogenic,,X,103785769,103785769
NM_000533.5(PLP1):c.673del (p.Leu225fs),Deletion,Pathogenic,,X,103788487,103788487
NC_000023.10:g.(?_103031918)_(103045531_?)dup,Duplication,Pathogenic,,,,
NM_000533.5(PLP1):c.607G>A (p.Asp203Asn),single nucleotide variant,Pathogenic,,X,103787951,103787951
NM_000533.5(PLP1):c.191+1G>A,single nucleotide variant,Pathogenic,,X,103785769,103785769
NM_000533.5(PLP1):c.762+2T>C,single nucleotide variant,Pathogenic,,X,103789400,103789400
NM_000533.5(PLP1):c.622+15G>A,single nucleotide variant,Likely benign,,X,103787981,103787981
GRCh37/hg19 Xp22.33-q28(chrX:71267-155246643)x3,copy number gain,Pathogenic,,,,
GRCh37/hg19 Xp22.33-q28(chrX:60701-155246271)x3,copy number gain,Pathogenic,,,,
GRCh37/hg19 Xq11.1-28(chrX:62063537-155246643)x3,copy number gain,Pathogenic,,,,
GRCh37/hg19 Xp22.2-q28(chrX:13147668-155250222)x3,copy number gain,Pathogenic,,,,
GRCh37/hg19 Xp22.33-q28(chrX:176426-155236656)x3,copy number gain,Pathogenic,,,,
GRCh37/hg19 Xp22.33-q28(chrX:225816-155234036)x2,copy number gain,Pathogenic,,,,
GRCh37/hg19 Xq11.1-28(chrX:62063537-155250222)x3,copy number gain,Pathogenic,,,,
GRCh37/hg19 Xq22.2(chrX:102774255-103167770)x3,copy number gain,Pathogenic,,,,
GRCh37/hg19 Xp22.33-q28(chrX:71267-155224766)x1,copy number loss,Pathogenic,,,,
GRCh37/hg19 Xp22.33-q28(chrX:71267-155255839)x1,copy number loss,Pathogenic,,,,
GRCh37/hg19 Xp22.33-q28(chrX:2707626-155250222)x2,copy number gain,Pathogenic,,,,
GRCh37/hg19 Xq22.2(chrX:103031174-103046823)x0,copy number loss,Pathogenic,,,,
GRCh37/hg19 Xp22.33-q28(chrX:150002-155234036)x2,copy number gain,Pathogenic,,,,
GRCh37/hg19 Xp22.33-q28(chrX:176426-155250222)x3,copy number gain,Pathogenic,,,,
GRCh37/hg19 Xp22.33-q28(chrX:150002-155234036)x3,copy number gain,Pathogenic,,,,
GRCh37/hg19 Xp22.33-q28(chrX:71267-155234036)x2,copy number gain,Pathogenic,,,,
GRCh37/hg19 Xp22.33-q28(chrX:70297-155255839)x3,copy number gain,Pathogenic,,,,
NM_000533.5(PLP1):c.388C>T (p.His130Tyr),single nucleotide variant,Likely pathogenic,,X,103786661,103786661
GRCh37/hg19 Xq22.1-24(chrX:99931059-120328627)x1,copy number loss,Pathogenic,,,,
NM_000533.5(PLP1):c.-31C>T,single nucleotide variant,Benign/Likely benign,,X,103776965,103776965
NM_000533.5(PLP1):c.2T>C (p.Met1Thr),single nucleotide variant,Pathogenic,,X,103776997,103776997
NM_000533.5(PLP1):c.49G>A (p.Ala17Thr),single nucleotide variant,Uncertain significance,,X,103785626,103785626
NM_000533.5(PLP1):c.1A>G (p.Met1Val),single nucleotide variant,Pathogenic,,X,103776996,103776996
NM_000533.5(PLP1):c.718T>C (p.Phe240Leu),single nucleotide variant,Uncertain significance,,X,103789354,103789354
NM_000533.5(PLP1):c.602G>T (p.Cys201Phe),single nucleotide variant,Uncertain significance,,X,103787946,103787946
NM_000533.5(PLP1):c.650G>A (p.Gly217Asp),single nucleotide variant,Likely pathogenic,,X,103788464,103788464
GRCh38/hg38 Xp22.33-q28(chrX:26102-155996431)x3,copy number gain,Pathogenic,,X,26102,155996431
GRCh38/hg38 Xp22.33-q28(chrX:14245-155999293)x1,copy number loss,Pathogenic,,X,14245,155999293
GRCh38/hg38 Xp22.33-q28(chrX:26102-155996431)x1,copy number loss,Pathogenic,,X,26102,155996431
GRCh38/hg38 Xp22.33-q28(chrX:10679-156013167)x1,copy number loss,Pathogenic,,X,10679,156013167
GRCh38/hg38 Xp22.33-q28(chrX:10679-156022206)x3,copy number gain,Pathogenic,,X,10679,156022206
GRCh38/hg38 Xp22.33-q28(chrX:10679-156022206)x1,copy number loss,Pathogenic,,X,10679,156022206
GRCh38/hg38 Xp22.33-q28(chrX:251879-156004066)x1,copy number loss,Pathogenic,,X,251879,156004066
GRCh38/hg38 Xp22.33-q28(chrX:251879-156004066)x3,copy number gain,Pathogenic,,X,251879,156004066
GRCh38/hg38 Xq13.2-28(chrX:74684615-156004066)x1,copy number loss,Pathogenic,,X,74684615,156004066
GRCh38/hg38 Xp11.22-q28(chrX:53144751-156003242)x1,copy number loss,Pathogenic,,X,53144751,156003242
GRCh38/hg38 Xp22.33-q28(chrX:251880-156004066)x3,copy number gain,Pathogenic,,X,251880,156004066
GRCh38/hg38 Xq13.3-28(chrX:76557425-156004066)x1,copy number loss,Pathogenic,,X,76557425,156004066
GRCh38/hg38 Xp22.33-q28(chrX:10701-156003229)x3,copy number gain,Pathogenic,,X,10701,156003229
GRCh38/hg38 Xq21.1-23(chrX:81109470-109442793)x1,copy number loss,Pathogenic,,X,81109470,109442793
GRCh38/hg38 Xq21.1-28(chrX:78187188-156004066)x1,copy number loss,Pathogenic,,X,78187188,156004066
GRCh38/hg38 Xp22.33-q24(chrX:251879-118847157)x3,copy number gain,Pathogenic,,X,251879,118847157
GRCh38/hg38 Xq21.2-28(chrX:86626431-156004066)x1,copy number loss,Pathogenic,,X,86626431,156004066
GRCh38/hg38 Xq21.31-28(chrX:89557622-156004066)x1,copy number loss,Pathogenic,,X,89557622,156004066
GRCh38/hg38 Xq21.1-28(chrX:82096719-156004066)x1,copy number loss,Pathogenic,,X,82096719,156004066
GRCh38/hg38 Xp11.22-q24(chrX:50289384-119297604),copy number loss,Pathogenic,,X,50289384,119297604
GRCh38/hg38 Xq22.2(chrX:103602874-103881017)x2,copy number gain,Pathogenic,,X,103602874,103881017
GRCh38/hg38 Xp22.33-q28(chrX:20297-156016920)x3,copy number gain,Pathogenic,,X,20297,156016920
GRCh38/hg38 Xp22.33-q28(chrX:2299223-155992188)x3,copy number gain,Pathogenic,,X,2299223,155992188
GRCh38/hg38 Xp22.33-q28(chrX:251880-156004066)x1,copy number loss,conflicting data from submitters,,X,251880,156004066
GRCh38/hg38 Xp22.33-q28(chrX:251880-156004066)x4,copy number gain,Pathogenic,,X,251880,156004066
GRCh38/hg38 Xq21.33-22.3(chrX:95823036-104957737)x1,copy number loss,Pathogenic,,X,95823036,104957737
GRCh38/hg38 Xp22.33-q28(chrX:251880-156004181)x3,copy number gain,Pathogenic,,X,251880,156004181
GRCh38/hg38 Xq22.2(chrX:103772099-104048812)x3,copy number gain,Pathogenic,,X,103772099,104048812
GRCh38/hg38 Xq11.1-28(chrX:62712219-156003242)x3,copy number gain,Pathogenic,,X,62712219,156003242
GRCh38/hg38 Xq21.1-28(chrX:82211310-156003229)x1,copy number loss,Pathogenic,,X,82211310,156003229
GRCh38/hg38 Xq21.31-28(chrX:88339926-156003242)x1,copy number loss,Pathogenic,,X,88339926,156003242
GRCh38/hg38 Xp22.33-q28(chrX:1085618-155699644)x1,copy number loss,Pathogenic,,X,1085618,155699644
GRCh38/hg38 Xq21.32-23(chrX:93591590-112530092)x3,copy number gain,Pathogenic,,X,93591590,112530092
GRCh38/hg38 Xq22.2(chrX:103404405-103913265)x2,copy number gain,Pathogenic,,X,103404405,103913265
GRCh38/hg38 Xq21.1-28(chrX:79911061-156003229)x1,copy number loss,Pathogenic,,X,79911061,156003229
GRCh38/hg38 Xp22.2-q27.3(chrX:13020141-143473520)x1,copy number loss,Pathogenic,,X,13020141,143473520
GRCh38/hg38 Xq21.33-28(chrX:95846285-156003242)x3,copy number gain,Pathogenic,,X,95846285,156003242
GRCh38/hg38 Xp22.33-q22.3(chrX:10701-106113403)x1,copy number loss,Pathogenic,,X,10701,106113403
GRCh38/hg38 Xq11.1-28(chrX:62561604-156003242)x3,copy number gain,Pathogenic,,X,62561604,156003242
GRCh38/hg38 Xq22.1-28(chrX:102197284-156003242)x1,copy number loss,Pathogenic,,X,102197284,156003242
GRCh38/hg38 Xq13.3-28(chrX:76604011-156022206)x1,copy number loss,Pathogenic,,X,76604011,156022206
GRCh38/hg38 Xq13.3-28(chrX:75086417-156022206)x1,copy number loss,Pathogenic,,X,75086417,156022206
GRCh38/hg38 Xp22.33-q28(chrX:2782275-155611794)x2,copy number gain,Pathogenic,,X,2782275,155611794
GRCh38/hg38 Xp22.33-q28(chrX:2765636-155522304)x3,copy number gain,Pathogenic,,X,2765636,155522304
GRCh38/hg38 Xq22.2(chrX:103602874-103832685)x2,copy number gain,Pathogenic,,X,103602874,103832685
GRCh38/hg38 Xq21.33-28(chrX:94462929-156001635)x3,copy number gain,Pathogenic,,X,94462929,156001635
GRCh38/hg38 Xp22.33-q28(chrX:40904-155998166)x1,copy number loss,Pathogenic,,X,40904,155998166
GRCh38/hg38 Xp22.33-q28(chrX:10701-156003229)x1,copy number loss,Pathogenic,,X,10701,156003229
GRCh38/hg38 Xp22.33-q25(chrX:10701-128393708),copy number loss,Pathogenic,,X,10701,128393708
GRCh38/hg38 Xq21.1-28(chrX:79093152-156003229)x1,copy number loss,Pathogenic,,X,79093152,156003229
GRCh38/hg38 Xq22.1-23(chrX:100597687-111651116)x4,copy number gain,Pathogenic,,X,100597687,111651116
GRCh38/hg38 Xp22.33-q28(chrX:10001-156030895)x1,copy number loss,Pathogenic,,X,10001,156030895
GRCh38/hg38 Xp21.1-q28(chrX:36237706-156022206)x1,copy number loss,Pathogenic,,X,36237706,156022206
GRCh38/hg38 Xq21.1-28(chrX:77369933-156013167)x1,copy number loss,Pathogenic,,X,77369933,156013167
GRCh38/hg38 Xp22.33-q28(chrX:20297-156026127)x1,copy number loss,Pathogenic,,X,20297,156026127
GRCh38/hg38 Xq21.31-28(chrX:92222680-156016920)x1,copy number loss,Pathogenic,,X,92222680,156016920
GRCh38/hg38 Xp21.1-q28(chrX:37076284-156016920)x1,copy number loss,Pathogenic,,X,37076284,156016920
GRCh38/hg38 Xq13.2-28(chrX:74510116-156022206)x1,copy number loss,Pathogenic,,X,74510116,156022206
GRCh38/hg38 Xq21.1-28(chrX:78605009-156016560)x1,copy number loss,Pathogenic,,X,78605009,156016560
GRCh38/hg38 Xp22.33-q28(chrX:20297-155999253)x3,copy number gain,Pathogenic,,X,20297,155999253
GRCh38/hg38 Xq11.1-28(chrX:62712230-155978888)x3,copy number gain,Pathogenic,,X,62712230,155978888
GRCh38/hg38 Xq22.2(chrX:103350804-104033500)x2,copy number gain,Pathogenic,,X,103350804,104033500
GRCh38/hg38 Xp22.33-q28(chrX:10701-156003242)x1,copy number loss,Pathogenic,,X,10701,156003242
GRCh38/hg38 Xp22.33-q28(chrX:10701-156003242)x3,copy number gain,Pathogenic,,X,10701,156003242
GRCh38/hg38 Xq22.2(chrX:103778816-104033500)x3,copy number gain,Uncertain significance,,X,103778816,104033500
GRCh38/hg38 Xp22.33-q28(chrX:10701-155978689)x1,copy number loss,Pathogenic,,X,10701,155978689
GRCh38/hg38 Xq21.1-28(chrX:85123740-156022206)x3,copy number gain,Pathogenic,,X,85123740,156022206
GRCh38/hg38 Xp22.33-q28(chrX:10679-156022826)x4,copy number gain,Pathogenic,,X,10679,156022826
NM_000533.5(PLP1):c.168A>G (p.Gln56=),single nucleotide variant,Benign/Likely benign,,X,103785745,103785745
NM_000533.5(PLP1):c.737G>C (p.Gly246Ala),single nucleotide variant,Pathogenic/Likely pathogenic,,X,103789373,103789373
NM_000533.5(PLP1):c.683G>A (p.Cys228Tyr),single nucleotide variant,Likely pathogenic,,X,103788497,103788497
NM_000533.5(PLP1):c.622+5G>A,single nucleotide variant,Uncertain significance,,X,103787971,103787971
NM_000533.5(PLP1):c.609T>C (p.Asp203=),single nucleotide variant,Benign,,X,103787953,103787953
GRCh38/hg38 Xq22.1-22.3(chrX:101620923-107632397)x3,copy number gain,Pathogenic,,X,101620923,107632397
GRCh38/hg38 Xq21.1-25(chrX:81261589-126519353)x3,copy number gain,Pathogenic,,X,81261589,126519353
GRCh38/hg38 Xp22.33-q28(chrX:2790845-155699618)x3,copy number gain,Pathogenic,,X,2790845,155699618
GRCh38/hg38 Xp22.33-q28(chrX:27245-155996431)x3,copy number gain,Pathogenic,,X,27245,155996431
GRCh38/hg38 Xp22.33-q28(chrX:26101-155999293)x3,copy number gain,Pathogenic,,X,26101,155999293
GRCh38/hg38 Xq22.1-22.3(chrX:101407698-106274188)x1,copy number loss,Pathogenic,,X,101407698,106274188
GRCh38/hg38 Xq22.1-28(chrX:100524562-155669954)x1,copy number loss,Pathogenic,,X,100524562,155669954
GRCh38/hg38 Xq11.1-28(chrX:63279794-155939524)x1,copy number loss,Pathogenic,,X,63279794,155939524
GRCh38/hg38 Xp11.21-q28(chrX:57372584-155996431)x1,copy number loss,Pathogenic,,X,57372584,155996431
GRCh38/hg38 Xp22.33-q28(chrX:3092486-155699618)x2,copy number gain,Pathogenic,,X,3092486,155699618
GRCh38/hg38 Xp22.33-q28(chrX:20140-155699618)x1,copy number loss,Pathogenic,,X,20140,155699618
GRCh38/hg38 Xp22.33-q28(chrX:20140-155699618)x3,copy number gain,Pathogenic,,X,20140,155699618
NM_000533.5(PLP1):c.169G>T (p.Asp57Tyr),single nucleotide variant,Pathogenic,,X,103785746,103785746
NM_000533.5(PLP1):c.409C>T (p.Arg137Trp),single nucleotide variant,Conflicting classifications of pathogenicity,,X,103786682,103786682
NM_000533.5(PLP1):c.453+28_453+46del,Deletion,Likely pathogenic,,X,103786752,103786770
NM_000533.5(PLP1):c.453+4A>G,single nucleotide variant,Likely pathogenic,,X,103786730,103786730
NM_000533.5(PLP1):c.762+3G>T,single nucleotide variant,Likely pathogenic,,X,103789401,103789401
NC_000023.11:g.(103477300_103776506)_(104039333_104817980)dup,Duplication,Pathogenic,,X,103477300,104817980
NM_000533.5(PLP1):c.509C>T (p.Ser170Phe),single nucleotide variant,Likely pathogenic,,X,103787853,103787853
NM_000533.5(PLP1):c.725C>T (p.Ala242Val),single nucleotide variant,Pathogenic,,X,103789361,103789361
NM_000533.5(PLP1):c.434G>A (p.Trp145Ter),single nucleotide variant,Pathogenic/Likely pathogenic,,X,103786707,103786707
NM_000533.5(PLP1):c.710T>C (p.Phe237Ser),single nucleotide variant,Likely pathogenic,,X,103789346,103789346
NM_000533.5(PLP1):c.3G>A (p.Met1Ile),single nucleotide variant,Pathogenic,,X,103776998,103776998
NM_000533.5(PLP1):c.128C>T (p.Thr43Ile),single nucleotide variant,Likely pathogenic,,X,103785705,103785705
NM_000533.5(PLP1):c.560T>C (p.Ile187Thr),single nucleotide variant,Pathogenic/Likely pathogenic,,X,103787904,103787904
NM_000533.5(PLP1):c.418C>T (p.His140Tyr),single nucleotide variant,Uncertain significance,,X,103786691,103786691
NM_000533.5(PLP1):c.661G>T (p.Gly221Cys),single nucleotide variant,Pathogenic,,X,103788475,103788475
NM_000533.5(PLP1):c.220G>A (p.Gly74Arg),single nucleotide variant,Pathogenic,,X,103786493,103786493
NM_000533.5(PLP1):c.607G>C (p.Asp203His),single nucleotide variant,Pathogenic,,X,103787951,103787951
NM_000533.5(PLP1):c.671T>C (p.Leu224Pro),single nucleotide variant,Uncertain significance,,X,103788485,103788485
NM_000533.5(PLP1):c.544A>C (p.Thr182Pro),single nucleotide variant,Pathogenic,,X,103787888,103787888
NC_000023.11:g.(?_103776506)_(103799000_104817980)del,Deletion,Pathogenic,,X,103776506,104817980
NM_000533.5(PLP1):c.655G>T (p.Val219Phe),single nucleotide variant,Likely pathogenic,,X,103788469,103788469
NM_000533.5(PLP1):c.467C>T (p.Thr156Ile),single nucleotide variant,Pathogenic,,X,103787811,103787811
NM_000533.5(PLP1):c.44C>T (p.Pro15Leu),single nucleotide variant,Pathogenic/Likely pathogenic,,X,103785621,103785621
NM_000533.5(PLP1):c.487T>C (p.Trp163Arg),single nucleotide variant,Likely pathogenic,,X,103787831,103787831
NM_000533.5(PLP1):c.646C>T (p.Pro216Ser),single nucleotide variant,Pathogenic,,X,103788460,103788460
